PctUnemployed,PctImmigRec5,TotalPctDiv,PopDens,PctLess9thGrade,medIncome,levelofcrime
2.7,13,4.47,1845.9,5.81,75122,Low
2.43,8.65,5.42,2186.7,5.61,47917,Low
4.01,23.98,12.55,2780.9,2.8,35669,Low
9.86,13.86,12.91,3217.7,11.05,20580,Low
5.72,30.56,13.04,1995.7,8.76,21577,High
4.85,16.27,7.64,2643.5,4.49,42805,Low
8.19,22.82,14.94,1515.3,10.09,23221,High
4.18,33.58,8.64,2399.3,5.52,25326,Low
8.39,23.08,12.97,1319.3,13.01,17852,High
7.19,35.39,13.53,816.1,9.07,24763,High
10.16,32.75,16.57,9387.3,14.03,25479,High
6.93,49.52,11.95,1354.2,15.28,20043,High
11.05,32.43,12.74,1301.5,14.49,19143,High
4.01,11.7,8.38,1314.3,6.55,44635,Low
6.95,41.41,11.12,5677.3,11.54,34372,Low
2.57,16.19,8.64,2552.7,1.33,49851,Low
4.99,30.13,12.77,2716.3,3.71,35048,High
8.98,25.51,11.77,22878.2,14.1,29823,High
3.5,18.31,9.33,2917.9,5.8,29043,High
3.14,23.14,11.94,291.4,5.83,32221,Low
5.39,12.4,11.99,1581.4,4.07,34934,High
3.31,23.73,11.54,1073.9,8.18,26198,Low
2.69,5.26,12.8,3697.1,2.73,45892,Low
7.07,31.36,16.22,5943,6.71,28108,High
6.5,30.07,12.15,1189.1,12.99,23258,High
8.34,5.88,14.22,1900.7,15.88,22052,High
13.93,0,11.08,2323.5,23.94,14874,High
11.24,21.62,8.73,3608.7,36.26,18395,High
8.97,18.96,10.7,3353.7,12.54,22166,Low
5.73,4.9,9.06,225.9,3.9,36618,Low
5.13,0,11.89,998.4,5.6,34372,High
10.34,20.59,14.31,2853.3,12.32,27230,Low
7.91,26.52,14.13,2134,21.8,18499,High
5.1,16.87,9.94,1641.4,4.93,51594,High
12.45,32.8,13.52,1672.6,18.51,18060,High
2.43,10.63,11.26,4486.8,2.43,54658,Low
7.71,13.43,12.12,1702.6,14.84,23534,High
8.67,4.77,12.63,3513.5,8.47,21688,High
7.06,16.63,11,125.8,17.59,26125,High
5.68,4.23,13.39,1423.7,18.52,22446,High
5.55,11.78,7.69,2441,5.59,38742,Low
1.84,20.76,16.9,2575.6,2.39,53419,High
12.26,3.26,10.59,1345.2,42.31,16180,High
7.01,0,12.75,616.9,20.78,19985,Low
3.8,22.29,12.23,5437.2,3.6,54348,High
4.65,12.29,6.2,7812.2,3.26,43376,Low
10.98,13.67,14.6,4102.3,9.68,22439,Low
9.92,27.39,13.62,3988.5,8.57,24819,High
9.62,24.3,12.53,11326,11.29,24603,High
3.94,21.86,6.41,4413,3.72,59719,Low
4.21,7.12,10.31,1137.7,4.72,32704,Low
5.97,43.05,11.25,1290.5,13.61,23726,High
3.37,53.98,9.11,885.5,4.37,36770,Low
7.46,19.78,12.75,2042.4,18.33,19433,High
4.74,21.81,13.21,2286.9,5.36,35934,High
6.85,0,10.14,1249.9,15.8,23056,Low
3.13,21.14,5.81,1260.7,3.8,49143,Low
6.42,21.38,10.46,580.3,6.21,31235,High
5.41,3.85,8.48,369.6,8.16,32713,High
6.62,15.57,11.16,8564.4,9.07,23773,High
7.11,44.26,14.23,2063.3,12.59,19923,High
5.99,34.88,15.37,1451,11.55,25649,High
3.75,14.28,6.47,2250.1,4.57,58194,Low
3.44,7.51,8.57,2139.7,8.71,45481,Low
8.52,23.96,11.36,1227.9,14.83,20569,High
3.56,13.27,6.38,3625.3,1.05,43971,Low
9.5,17.28,13.15,1057.3,13.83,18357,High
8.12,28.48,14.15,2503.8,9.36,21748,High
4.1,13.09,9.3,249.1,5.04,41944,Low
8.51,9.06,10.51,1329.7,19.73,19157,High
5.12,14.14,12.53,1602.6,3.63,30591,Low
7.31,8.33,12.32,3397.6,3.69,37683,High
3.05,10.27,7.8,4180.8,6.29,34644,Low
4.57,11.31,11.2,3057.5,3.75,41028,High
4.48,21.43,10.57,1098.7,15.1,23744,Low
2.71,14.81,5.8,3001.1,4.91,62420,Low
7.22,24.91,10.93,658.2,2.92,33411,High
4.17,22.23,7.38,6118.4,7.01,46499,Low
6.16,29.91,16.07,3386.2,5.62,25592,High
3.3,28.79,11,2695.4,6.16,46674,Low
3.95,32.19,11.64,6260.9,3.85,47204,High
3.21,0,4.1,585.8,1.7,43804,Low
3.82,29.78,13.43,3349.1,8.12,42962,High
3.31,25.43,9.55,2104.5,10.36,35855,Low
5.66,5.72,9.08,785.2,7.04,26654,Low
5.08,42.9,8.28,3304.7,7.24,25456,Low
9.25,31.16,12.44,6679.9,11.86,25811,High
8.37,31.7,14.97,3399.4,28.57,18095,High
2.81,4.91,5.14,2553.6,5.04,48483,Low
9.13,18.03,10.44,1633.9,18.7,19063,High
5.64,5.66,8.45,3344,7.31,29576,Low
4.78,28.84,12.03,2398.1,5.71,37073,High
11.09,27.07,12.74,705.2,27.72,24292,High
3.93,29.6,14.83,2035.3,5.45,34182,Low
4.82,22.33,9.2,2959.7,8.38,25168,Low
4.77,35.73,19.11,1404.9,4.32,30141,High
3.52,14.83,13.69,2618.2,1.9,53710,Low
3.31,24.07,10.85,3178,4.6,51253,Low
3.62,13.79,12.39,904.5,5.83,32877,High
5.56,32.56,11.51,1903.4,5.59,23453,High
3.21,48.52,5.92,6306.9,7.05,43092,Low
7.56,35.43,5.29,1161.2,12.93,21392,Low
2.63,38.49,12.84,659.9,2.21,44335,Low
2.94,3.6,8.64,422.4,5.05,48889,Low
5.96,69.19,6.76,1660.1,11.51,22194,Low
7.85,20.95,13.1,4187.9,10.84,31671,High
3.08,26.12,8.91,2508.1,6.11,49900,Low
8.74,20,14.39,3485.1,9.79,21407,High
8.15,29.69,12.16,1062.7,16.58,21238,High
6.72,23.31,12.13,2204.9,10.91,25141,Low
5.93,39.72,11.46,1813.5,6.41,27148,Low
8.34,32.13,12.26,7168.1,18.4,30925,High
7.53,27.86,8.63,10587.5,22.09,33969,High
4.6,5.18,6.44,644.9,12.11,40117,Low
9.73,12.14,12.05,709,8.04,20905,Low
4.98,18.75,10.18,401.2,4.85,35575,Low
4.37,35.56,10.62,4254.3,9.54,28655,High
3.09,24.06,12.29,901.6,3.09,48901,Low
4.91,55.89,8.97,1504.7,5.02,22059,High
10.38,4.01,13.43,2193.5,9.34,20711,High
5.7,20.57,9.33,9469.3,6.38,31262,High
4.16,24.31,10.45,2251.7,5.91,36864,Low
8.01,14.34,13.17,2926.2,13.76,20461,Low
8.12,20.14,15.82,3058.9,5.74,22192,High
6.45,44.08,10.88,2561.8,5.4,22996,Low
10.96,14.2,15.23,1510.9,9.02,21762,High
5.4,24.94,10.37,1780,10.29,21221,High
6.21,3.58,7.39,281.9,13.59,37156,Low
5.47,9.22,10.46,798.4,3.83,43419,Low
8.89,17.67,16.77,2442.6,13.67,23269,High
5.19,13.29,11.74,2570,7.17,23684,Low
2.38,6.22,6.88,2608.5,3.31,44735,Low
10.87,24.34,14.53,44229.9,28.42,25655,High
3.4,27.59,11.7,7232,1.67,60462,Low
8.85,37.73,8.74,7709.4,15.92,28289,High
8.38,3.33,11.92,2172,19.02,19397,High
10.6,37.48,14.87,8883,21.02,29206,High
3.1,27.52,4.82,544.6,0.72,70287,Low
3.09,15.43,10.54,566.3,3.66,45043,Low
13.03,10.08,12.05,3024.3,23.72,18506,Low
3.4,7.24,7.02,2534.6,6.68,44083,Low
5.92,3.4,12.07,5549.8,12.78,28998,Low
3.8,16.99,5.69,2653.4,5.82,36972,Low
5.69,6.54,11.17,1615.9,13.23,34179,High
5.71,33.33,10.01,355.3,12.41,31617,Low
12.4,12.21,14.44,8345.8,13.42,20864,High
7.56,0,11.41,1158.3,14.76,20745,High
6.54,15.67,16.66,2487.1,11.47,22772,High
7.43,27.63,15.58,2838.4,12.32,27489,High
5.51,76.16,8.35,1076,13.16,20859,Low
4.73,22.6,11.97,2287.7,5.02,24714,Low
6.64,18.62,15.61,491.9,5.73,24814,High
4.13,19.23,14.22,7336,6.29,42971,High
4.35,35.36,11.49,3015.2,7.77,26974,Low
8.63,28.82,14.07,7732.5,16.1,22112,High
10.69,45.96,7.37,1118.3,8.95,17826,High
9.43,25.29,16.07,2838.8,9.43,32165,High
7.65,10.69,7.94,1722.8,11.58,37701,Low
3.5,12.18,9.17,4843.5,7.89,36809,Low
4.1,0,9.98,1674.9,7.3,29661,Low
19.22,25.27,10.6,2616.7,36.43,14994,Low
10.89,57.52,13.35,1647.8,16.59,15917,High
5.33,14.21,7.42,552.6,6.47,34198,Low
12.14,17.8,7.43,1990.9,34.49,17489,Low
7.94,32.8,10.19,200,11.19,30524,Low
2.55,10.08,9.21,1339.6,2.69,50843,Low
5.67,34.29,11.09,2057.1,11.86,23462,Low
4.17,35.55,15,5980.4,7.4,40313,High
4.24,16.88,13.42,2798.7,5.09,45171,Low
3.64,17.64,6.55,5529.7,3.25,64338,High
9.88,24.77,16.23,1641.4,8.65,19474,High
2.43,26.51,10.8,2705.7,3.42,34466,Low
3.32,33.82,12.93,1746.9,11.51,26614,High
3.12,29.89,5.15,937,2.33,77530,Low
7,29.16,12.46,4222.7,10.56,38532,High
2.9,18.42,8.93,4027.7,1.38,61058,Low
6.54,31.62,13.78,8287.7,11.53,31938,High
8.57,30.54,14.2,1612.7,16.77,19829,High
5.76,29.3,9.9,2579.1,10.42,43555,High
5.42,11.87,9.33,2388,3.83,39603,Low
3.85,25.17,9.68,3265,3.42,43428,Low
2.81,2.04,6.47,503.3,3.9,50798,Low
4.12,19.37,11.65,5846.5,5.65,42019,Low
7.67,31.53,12.97,1451.1,11.35,21864,High
7.06,24.43,15.53,705.8,7.06,25741,High
9.97,26.57,11.21,1642.4,19.38,21946,High
9.97,4,10.33,1631.1,24.03,18962,High
4.52,14.1,11.07,1853,9.71,20189,Low
1.71,28.67,9.8,3324.1,2.13,47790,Low
7.4,22.91,14.75,1851.6,6.46,22610,High
5.21,29.09,11.54,1489.4,6.52,25740,High
2.5,18.96,8.12,8169.9,3.34,54364,Low
14.95,27.48,8.21,4583.8,34.36,22032,High
2.92,23.62,11.42,3209.2,2.42,37156,Low
4.24,10.83,15.17,1470.9,3.87,25787,High
2.86,13.34,7.89,691.9,3.34,70000,Low
6.09,27.22,11.55,1610.3,4.83,24955,Low
12.8,8.85,17.75,1101.9,10.62,16600,High
7.69,15.48,16.27,1740.1,8.91,21174,Low
10.08,16.59,13.26,2753.9,8.68,25385,Low
7.41,24.01,11.96,14786.2,11.54,34850,High
3.91,9.37,11.53,2981.4,4.62,32002,Low
14.52,20.41,11.04,1585.4,17.18,14509,High
1.93,14.29,13.33,1087.9,10.83,27095,Low
8.5,54.19,13.34,876.6,15.06,18743,High
3.95,16.22,7.51,4854.5,10.55,43109,Low
4.11,10.6,10.56,1365.5,3.23,45550,Low
2.75,10.12,9.73,2105.1,5.76,35301,Low
3.69,33.72,10.34,1407.8,5.33,38068,High
5.26,25.09,10.86,2945.3,9.6,28824,High
2.46,23.45,7.12,398.2,3.8,61524,Low
4.58,11.37,9.47,690.4,5.83,44130,Low
9.45,20.21,14.29,1111.6,13.01,18004,High
5.97,3.71,13.98,3224.1,10.26,18514,High
2.17,27.63,10.35,1431.1,5.07,37461,Low
5.61,11.7,9.98,4547.1,2.84,47121,Low
4.59,17.43,8.07,6943.6,8.4,42464,Low
5.9,5.41,6.27,851.4,1.32,60274,Low
7.53,11.05,12.73,1429.8,10.86,19205,High
4.97,9.02,11.7,922.6,7.46,29833,Low
11.79,39.83,13.73,6681,18.45,22224,High
5.17,0,7.62,788.6,8.35,31503,Low
6.69,18.53,9.33,3278.7,13.14,35911,High
6.32,27.33,15.97,1900.8,11.29,25982,High
2.5,38.92,8.51,3285.8,4.44,61271,Low
2.99,24.52,5.66,4138.5,3.91,66760,Low
4.24,16.22,11.52,3047.3,2.88,45127,Low
7.17,19.19,10.68,4303,12.8,43882,High
7.32,0.37,4.41,839.6,13.67,23028,Low
8.96,4.85,11.37,3596.7,10.52,22271,Low
4.05,25.44,9.8,1320.6,4.25,36415,Low
4.66,24.35,13.64,1411.1,4.56,36843,High
5.91,27.71,13.48,829.1,6.12,26680,High
6.7,1.46,9.32,1190,12.65,28261,Low
5.11,0,14.15,1008.8,18.45,21372,High
3.74,18.42,9.45,614.6,7.88,35951,Low
4.7,23.3,15.92,9868.6,7.12,36222,High
5.5,12.52,9.4,2135.7,6.22,44142,Low
8.22,7.29,15.55,3013.5,9.51,26272,High
7.44,39.86,14.84,1896.7,11.58,18519,High
3.38,24.77,15.62,9250.8,2.66,51913,High
7.76,24.12,14.22,1604.5,12.38,20213,High
7.09,10.35,11.25,413.2,12.88,27824,Low
6.82,29.03,12.36,1885,10.27,20950,Low
3.01,26.22,11.85,3094.7,1.1,51499,Low
5.5,34.48,18.67,2247,5.49,28388,High
5.1,6.97,8.75,1082.6,10.71,32596,Low
9.23,28.02,10.37,10219.9,23.05,33273,High
3.27,21.74,11.39,3028.4,1.71,45529,Low
3.99,49.58,9.04,2538.7,14.49,25505,Low
4.78,25.46,8.53,9963.3,6.28,32356,Low
3.24,10.25,10.78,1555.2,2.74,43379,Low
10.99,22.3,10.16,3283,22.73,32857,High
5.56,14.63,6.68,4712.2,8.18,46082,Low
5.96,25.12,12.17,3432.9,5.93,30534,High
6.92,25.86,8.95,4887.1,5.52,35858,Low
6.92,11.25,11.65,1736.3,16.51,26615,High
5.17,21.16,11.9,3891.3,3.07,39014,Low
4.21,0,11.23,2460.1,11.36,26640,Low
11,30.43,16.73,3832,11.05,23491,High
7.98,20.31,11.47,8027,16.58,26541,High
5.8,27.56,13.58,2548.6,5.75,28024,High
2.73,14.92,7.02,1101.5,3.21,59724,Low
9.73,23.43,10.96,697.7,15.21,28611,High
5.58,33.75,13.83,1416.1,4.69,22697,High
3.77,11.48,10.1,2408.4,2.44,39904,Low
10.62,38.24,13.56,1651.9,17.43,18593,High
10.58,5.75,14.46,835.5,16.97,16331,High
4.91,34.1,12.07,308.1,6.05,32615,Low
2.57,17.2,14.64,2658.8,5,29547,Low
4.87,13.61,13.07,10393,5.2,28791,Low
3.96,3.16,8.84,2201.1,6.2,27834,Low
9.11,6.2,12.99,1216.9,18.7,21468,High
6.84,19.22,13.21,3710.2,7.98,24127,High
13.05,12.21,15.49,2482.6,11.21,17658,High
5.34,31.95,13.4,1037.9,14.22,25268,High
2.64,11.38,9.89,2383.1,1.96,45474,Low
3.05,10.32,7.66,1047.1,10.2,32979,Low
2.93,16.93,5.81,5428.5,5.34,52126,Low
7.31,24.37,10.17,2333.6,5.78,42186,High
2.4,0,9.64,956.9,7.7,27373,Low
3.75,17.51,6.65,2304.4,2.04,65590,Low
7.81,25.11,8.89,2479.3,3.87,24596,High
3.09,19.75,10.69,3134.5,4.09,34506,Low
2.95,3.47,8.02,509.2,5.96,39683,Low
4.09,17.51,5.91,8359.4,7.41,48776,Low
7.43,11.41,13,2657.8,7.24,25508,High
4.22,9.69,10.78,1877.8,4.16,31877,Low
4.52,37.93,11.97,2189.3,7.74,29032,Low
4.8,14.2,7.27,5784.6,2.89,44109,Low
4.18,6.2,6.47,612.6,6.6,49004,Low
6.56,4.78,12.5,3480,9.09,29450,High
7.48,6.98,12.03,1315.7,6.62,22954,Low
5.67,30.6,13.85,2241.3,11.24,23963,High
4.92,62.32,4.1,3398.7,1.31,17886,Low
4.88,5.82,7.8,1558,17.83,21615,Low
3.61,15.96,9.34,2410.2,1.6,70919,Low
6.29,37.63,12.29,936.9,11.78,25075,High
2.8,22.46,12.86,5955.8,4.69,42487,Low
2.06,33.85,11.35,1990.1,3.59,34859,Low
4.11,12.63,10.85,1211.6,4.72,43578,Low
2.28,16.93,9.14,5324,5.07,36215,Low
8.04,0,10.29,1028.9,8.53,25943,Low
10.31,29.61,17.1,6234.9,10.23,20329,High
4.05,9.44,9.74,3514.7,2.22,35018,Low
11.58,18.49,12.96,7798.2,12.42,18482,High
10.85,17.15,14.81,1359.8,14,21885,High
5.42,9.38,13.34,732.4,9.38,31489,High
4.35,11.99,9.28,688.6,5.24,31177,Low
7.04,23.11,10.17,9533.9,17.26,33311,Low
4.69,17.05,16.51,3363.3,7.79,24884,High
4.87,23.38,13.75,649.2,11.71,25790,High
6.83,29,12.33,3107.5,12.15,29463,High
3.62,4.65,7.5,3362.1,5.02,39437,Low
7.2,30.36,11.22,3070.1,9.78,31146,High
6.67,19.13,9.33,456.3,7.74,36682,High
7.12,11.42,9.23,2163.3,18.42,26136,Low
8.74,6.36,11.83,1534.3,26.36,19970,High
5.47,17.01,10.09,223.6,3.11,29590,Low
4.1,10.71,12.47,1548.4,3.89,24869,High
6.89,29.19,15.38,11605.2,10.94,30967,High
7.77,20.1,14.93,2121.4,11.35,22102,High
3.62,8.11,9.67,576.4,8.86,38025,Low
6.63,26.11,9.47,2409,9.47,22661,High
2.86,16.78,15.89,4378,9.45,28121,High
8.24,26.42,12.61,1477.4,16.5,20810,High
3.8,32.92,7.73,1178.4,4.43,65072,Low
7.6,24.15,15.82,3702.5,10.13,28183,High
6.59,16.11,13.44,1774.5,9.4,24462,High
6.55,15.5,9.61,3131.4,11.05,21060,Low
4.72,6.76,7.18,673.2,4.55,34978,Low
5.98,32.01,13.88,1331.5,10.68,19420,High
4.64,27.17,16.58,3615.7,5.04,32420,High
2.65,20.86,7.03,1121.5,6.32,47517,Low
9.74,26.35,14.8,13083.7,13.87,27301,High
10.81,24.7,9.33,11329.3,36.2,27279,High
7.43,22.64,15.02,1537.2,12.39,26547,High
5.46,14.77,9.74,2491.1,6.88,34492,High
4.66,16.88,11.39,286.5,15.57,24676,Low
2.18,4.85,8.8,1655.8,13.43,21344,Low
4.79,15.39,12.42,1322.6,6.36,35794,High
4.61,27.74,8.6,2190.2,3.82,46885,Low
1.66,24.73,5.49,451.5,0.66,47299,Low
10.72,41.09,13.67,1017,11.77,14555,High
3.01,18.2,14.45,4589.7,1.1,60374,Low
4.07,24.42,15.45,2740.2,3.15,45964,Low
5.36,6.12,9.48,1027.6,8.51,32493,High
5.41,24.19,10.52,5776.7,4.26,52442,High
1.87,15.64,7.3,3421.8,1.42,53140,Low
9.38,26.92,13.58,1415.4,15.95,21352,High
4.3,17.86,10.68,2371.5,4.47,46116,Low
5.29,4.78,10.15,1094.6,4.09,40378,Low
6.41,12.95,8.13,776.3,5.39,45397,Low
5.39,2.2,10.87,1737.3,8.9,22783,High
3.64,24.16,9.67,674.7,3.4,45828,Low
3.35,17.57,11.06,3807.6,17.68,24947,Low
5.82,10.38,10.31,957.3,5.11,31510,Low
3.03,15.36,7.5,1640.4,2.74,47629,Low
11.85,16.16,15.99,1564.6,17.41,14579,High
2.57,19.94,8.24,2347.5,9.28,40602,High
8.98,2.64,12.23,2268.2,9.36,23819,Low
9.15,27.45,13.7,3438.1,9.9,22806,High
3.25,10.6,6.07,923.4,5.42,57484,Low
6.62,22.9,9.25,9248.8,23.35,36383,High
4.98,8.53,10.65,3790.6,8.95,30031,Low
7.28,44.9,12.37,1775,7.84,26684,Low
3.45,14.59,12.64,1875.5,11.81,26500,High
5.39,22.6,14.14,876.2,4.19,38802,Low
8.66,25.61,14.59,2450.1,8.27,31561,High
5.13,28.42,13.61,6251.8,7.69,32793,High
7.82,24.08,13,2796.3,9.19,24131,High
4.98,10.43,13.55,2619.8,8.27,26233,High
4.36,6.9,10.23,4367.8,5.74,40934,Low
3.18,6.74,4.6,720.5,4.11,62021,Low
3.03,2.86,7.51,1053.1,5.08,54834,Low
8.12,26.68,12.01,3288.6,8.65,36233,High
5.3,19.11,13.37,1739.3,17,25910,High
9.91,25.16,13.37,19984.9,10.72,30529,High
6.16,19.45,10.12,25331.5,17.29,34873,High
9.65,17.36,9.72,1747,26.89,20858,High
3.93,9.25,10.73,2077.6,8.71,34472,Low
4.31,6,11.45,475.5,7.01,24929,Low
3.2,31.78,12.09,1046.9,4.48,37025,High
5.79,33.16,14.76,2254.8,9.72,25372,Low
5.35,28.3,11.27,2237.7,8.89,34091,High
2.27,23.97,5.83,1224.3,2.95,66930,Low
4.04,13.13,7.41,2092.8,8.88,46057,Low
6.81,24.92,9.49,3231.1,9.59,23886,High
6.92,10.29,11.96,1953.5,13.79,22276,High
3.64,15.39,5.88,3239.4,1.85,65994,Low
7.06,25.62,10.47,1506.4,10.99,25759,Low
7.53,12.71,14.49,2530.4,7.26,25535,Low
5.28,1.83,9.68,4012.2,10.6,34887,Low
3.36,25.98,6.42,739.6,1.46,110550,Low
6.45,27.51,13.64,4722.7,13.79,30739,High
7.55,40.19,8.55,533,15.64,17254,Low
5.81,9.52,8.04,1611.4,7.57,42044,Low
2.67,4.81,3.92,621.3,5.78,83975,Low
3.76,17.91,9.68,6512.1,7.7,41875,High
5.53,12.42,12.66,1445.1,5.32,30896,Low
8.12,49.9,6.09,1780.8,6.95,19672,Low
8.5,23.73,14.1,2032.8,10.63,20585,Low
4.15,2.79,8.03,848.2,7.75,36221,High
5.26,27.41,11.7,7175.4,5.43,35951,Low
5.01,0,6.85,2401.5,18.74,31726,Low
5,10.22,9.64,422.1,7.94,39651,Low
6.2,25.76,11.9,14962.8,11.33,33414,High
5.35,23.11,13.54,6041.2,5.42,38907,High
5.52,57.12,8.21,3343.1,2.4,23212,Low
8.61,24.69,12.04,1728.3,14.36,33313,High
5.37,15.46,9.94,503.3,7.98,39916,High
5.13,15.32,11.51,2417.9,10.96,36211,Low
4.81,18.16,16.26,10143,5.51,35997,High
2.63,10.47,6.52,627.4,2.67,64538,Low
6.33,12.56,10.2,666.1,19.04,28496,Low
2.46,3.76,8.84,1832.3,6.25,34061,Low
5.84,17.5,11.27,950.2,5.01,30287,High
4.36,26.76,12.79,2984.9,5.03,31833,Low
8.85,10.57,12.17,4772.8,8.74,22032,High
5.85,53.28,4.58,2170.4,2.4,21162,Low
7.5,3.68,12.19,1125.5,20.79,24051,Low
5.73,0,10.32,2102,7.33,25324,High
4.9,45.08,6.35,5228.9,4.78,17738,Low
6.6,23.03,11.15,2229.1,4.7,25698,High
4.74,9.9,9.52,1004.2,5.48,37500,Low
3.51,13.61,10.53,1977.9,5.08,36431,Low
2.55,16.85,8.08,3417.4,2.36,48137,Low
9.86,6.1,10.93,793.1,17.15,22100,High
8.03,25.04,9.45,10395.5,14.73,32332,Low
2.84,9.87,4.41,394.7,3.73,60900,Low
10.56,6.82,13.57,2763.5,13.84,16442,High
4.23,14.76,6.3,651.7,1.67,46027,Low
11.85,24.79,16.17,2435.4,10.79,26372,High
5.58,13.68,12.7,3021.3,13.12,29133,Low
6.77,26.73,16.61,2944.6,7.68,25106,High
8.29,19.07,10.26,1941.4,25.45,24103,High
5.55,35.2,8.13,421,6.53,40321,Low
4.53,10.07,11.77,1810.6,4.19,32984,Low
3.53,21.36,13.3,6865.9,4.09,38122,High
4.22,8.72,9.65,2880.2,12.31,25976,Low
4.45,19.01,8.94,1009.8,8.19,42783,Low
3.66,24.09,10.55,1840.1,5.1,38531,High
3.19,23.42,9.26,6133.4,6.32,45999,Low
7.25,12.03,12.71,1338.2,5.73,25918,High
6.47,18.43,14.52,7270.3,15,22210,High
10.56,17.03,13.29,2123.3,15.01,21225,High
5.21,14.59,10.66,935.8,3.23,51173,Low
5.82,24.77,5.98,631.1,8.81,27154,High
3.63,33.32,9.73,4284.1,4.69,47347,High
4.52,9.9,4.85,1904.3,2.43,53130,Low
8.28,32.91,13.57,1925.8,16.94,21881,High
9.83,34.09,11.59,2084.8,30.07,25976,High
3.17,40.55,13.27,2130.4,8.66,34891,High
3.24,24.05,8.68,3148.2,0.77,61572,Low
5.23,20.47,11.14,2834.7,3.77,37050,Low
6.84,61.69,6.17,2238.5,2.94,21312,Low
3.63,9.72,6.4,7276.1,5.43,55476,Low
5.93,21.49,12.83,2401.8,6.89,27469,High
4.75,44.9,11.29,370.6,16.55,20970,Low
2.57,8.34,6.24,4533.9,4.38,54469,Low
10.81,28.31,12.51,1077,13.25,22514,High
10.21,16.8,11.77,2007.6,18.32,24649,High
9.08,0,12.14,1131.9,31.54,17805,Low
12.39,36.73,12.88,1493.5,19.14,16496,High
9.67,34.81,11.07,2066.9,18.62,16162,Low
4.19,17.17,13.3,1844.6,2.81,49660,Low
4.36,7.45,6.45,503.9,3.35,59834,Low
9.68,19.06,14.39,705.5,15.47,19456,High
6.05,28.82,10.17,10393.2,14.56,31368,High
6.96,23.36,15.36,2625.2,13.67,23933,High
5.37,20.49,15.58,5063.6,6.94,35516,High
4.36,38.54,4.28,2566.9,8.13,19635,Low
6.47,33.96,12.65,2003.5,26.95,18049,High
2.25,17.12,5.1,1915.8,3.17,83275,Low
5.44,7.92,9.37,2322.5,6.04,35786,High
5.47,18.2,8.09,432.1,3.87,44492,Low
3.86,19.37,5.9,1910.5,4.17,58769,Low
5.61,27.51,13.61,1504,9.81,23835,High
8.32,33.9,10.24,11447.7,10.34,29180,High
4.6,4.34,9.67,4233.9,7.7,31998,Low
2.84,16.89,7.7,524.3,3.27,57464,Low
7.12,30.65,14.83,3346.3,8.54,21183,High
6.83,54.9,7.36,3871.8,4.65,18393,High
3.17,38.3,14.85,5410.7,6.41,42431,High
3.52,47.14,9.32,3196.2,3.84,29420,Low
9,51.32,13.71,768.4,17.88,18870,High
5.32,10.26,12.04,1110.1,12,32886,Low
6.7,7.63,6.81,2351.7,3.72,44734,High
6.74,0,9.89,2301.7,8.55,27688,Low
8.29,36.98,18.77,2035.9,9.18,22194,High
9.91,25.69,11.56,8617.3,20.43,27631,High
5.03,0,13.51,716.2,9.55,31155,Low
6.29,20.69,10.59,997.3,7.4,25341,High
11.04,28.56,12.67,16110.7,22.45,26960,High
4.07,15.5,12,1251.2,6.21,31308,High
2.07,15.93,8.41,1356.3,1.84,36582,Low
3.44,14.29,13.27,2685.8,6.2,31793,Low
2.98,7.41,7.49,1275.8,0.62,80968,Low
7.43,56.25,12.08,1526.5,15.03,20134,Low
7.37,24.35,11.77,2372,10.59,35558,High
14.88,33.53,10.56,3030.7,32.85,20393,High
6.41,25.78,6.65,1432.6,3.16,29023,Low
8.71,10.61,14.42,873.5,15.48,19038,High
2.6,1.69,8.09,383,4.23,43486,Low
2.94,3.2,7.66,2775.6,0.74,42281,Low
4.67,5.43,8.36,1418.4,14.39,20146,Low
7.28,27.24,15.75,2209.7,7.09,23745,Low
4.23,1.72,7.41,3400.1,5.48,40926,Low
4.58,21.91,6.5,7345.3,6.18,44672,Low
7.41,51.71,11.62,2831.1,6.61,21318,Low
5.09,25.55,7.47,2456.7,11.74,30743,Low
3.03,30.38,11.63,3175.7,1.84,43800,Low
6.32,31.8,6.96,2529.6,7.85,30535,Low
4.6,7.26,14.68,3789.9,4.17,29693,Low
5.77,45.29,4.81,1503.5,5.46,22265,Low
6.16,39.22,10.15,1456.1,5.57,41315,High
3.76,40.06,13.27,3426.9,2.49,38956,High
8.43,36.61,13.28,9422.4,13.83,33367,High
4.46,18.8,10.28,1020.1,11.03,37764,Low
4.6,45.14,8.14,1687.6,10.3,25312,Low
4.41,9.41,4.67,1325.9,7.75,60634,Low
9.35,34.54,12.37,2865.6,8.8,21898,High
5.53,24.35,8.07,1286.7,14.04,20606,Low
6.1,35.38,13.52,1574.2,19.77,21645,High
3.02,12.89,8.12,819.5,5.49,42530,Low
9.85,31.38,12.82,14073.6,24.71,18617,High
15.46,38.38,7.91,3912.5,31.51,24128,High
6.68,5.79,15.04,1086.8,14.8,15708,High
4.89,25.78,12.43,4818.2,7.52,32955,Low
8.13,18.17,15.85,1285.9,9.59,17876,High
6.4,0,13.36,999.5,11.18,24568,Low
7.58,11.37,11.91,1487.3,16.05,22807,High
2.81,24.7,4.4,3322.8,1.51,100077,Low
6.69,18.82,11.77,392.5,10.24,27493,Low
2.39,19.2,11.55,1575.7,10.42,29047,Low
7.52,7.63,12.29,1211.1,9.6,22098,Low
10,32.37,15.42,11537.1,17.16,29881,High
5.83,19.75,12.72,1733.5,6.8,23156,Low
7.01,3.99,12.04,2404.8,8.49,25547,High
2.55,20,12.3,6731.2,3.88,43043,Low
8.17,5.04,14.46,1859.4,19.2,18253,High
5.42,32.01,10.54,2124.3,9.08,26770,High
8.07,27.35,8.36,2414.3,5.15,14456,Low
6.09,26.88,15.18,1931.9,5.03,25708,High
4.6,28.41,6.83,2419.6,5.84,50451,Low
7.59,23.64,9.73,10186.3,9.36,30786,High
5.46,11.04,7.89,1445.6,8.98,45191,Low
4.54,5.72,11,1694,5.35,26472,Low
2.42,46.41,10.28,3684.7,5.19,53840,Low
5.31,24.35,12.12,1314.9,2.38,35532,Low
7.07,22.11,12.1,2910.9,11.74,31911,Low
3.78,5.67,6.35,2793.2,3.29,41149,Low
5.96,3.66,14.28,2389.5,7.93,30043,High
8.27,8.37,10.59,1166.8,8.49,37889,High
8.52,14.29,15.41,1584.9,21.98,14868,High
6.65,18.3,7.42,340.2,9.61,40059,High
3.73,24.77,13.65,2283.7,9.51,31298,High
4.57,32.51,7.29,621.2,2.43,57963,Low
3.59,15.41,10.63,2081.4,6.65,38128,Low
2.87,6.19,10.59,1269.7,6.84,36999,Low
3.56,21.54,5.34,2713.3,1.87,101320,Low
9.51,20.71,13.61,3468.4,8.14,20290,Low
2.91,5.63,6.91,684.6,5.46,43236,Low
2.93,5.28,5.67,519.7,3.88,46119,Low
5.14,44.44,13.2,1685,3.3,29099,Low
2.28,25.58,9.15,1106.5,1.79,58815,Low
9.08,32.01,11.11,5570.2,21.66,32132,High
5.79,40.43,8.74,2177.5,12.71,24202,Low
6.51,16.24,13.03,1478.6,14.59,21870,High
4.71,15.14,6.73,672.2,2.77,50647,Low
10.06,38.02,14.64,1715.7,11.14,20674,Low
4.87,59.52,9.6,3156.6,3.41,19799,High
5.26,29.36,14.4,1649.7,6.11,26889,High
6.6,7.64,14.53,1162.3,15.97,20349,High
8.53,19.23,16.79,1887.3,8.37,19042,High
8.72,28.29,12.03,1118.3,19.11,18549,Low
5.77,20.26,12.6,1675.5,11.24,26622,High
10.83,6.38,12.33,4248.1,11.7,20641,High
7.29,14.17,8.54,1751.5,11.31,29211,High
4.43,8.17,11.12,3283.8,8.78,27264,Low
1.79,12.48,8.2,2682.6,6.98,44495,Low
4.82,21.44,14.78,1354.9,8.24,21824,High
8.23,26.29,16.08,5728.5,11.25,24898,High
3.09,11.95,10.66,3175.3,5.89,36192,Low
3.23,8.55,11.76,1879.5,4.85,34350,Low
4.82,5.75,6.38,695.7,6.92,42523,Low
5.75,0,10.42,1461.5,12.26,21319,Low
4.44,0,11.24,1175.6,15.56,24375,High
4.26,7.57,9.35,3181.5,8.08,36097,High
3.98,7.88,7.36,2599.8,2.66,44277,Low
4.42,46.34,12.09,825.7,17.86,21114,Low
2.54,18.96,6.58,4770.2,2.81,55248,Low
10.35,7.78,13.08,3318.2,8.95,22955,Low
8.79,40.73,13.3,1741.2,9.01,23270,High
8.28,33.83,12.21,4433,18.49,31889,High
3.98,16.57,6.07,1817.1,2.91,53058,Low
2.91,10.99,9.52,2156.5,6.81,40216,Low
3.15,35.15,12.13,3001.8,2.64,30516,Low
5.32,23.34,11.38,4870.3,7.9,46758,High
10.39,18,17.53,3194.8,10.74,19779,High
5.29,19.24,13.18,5022.3,7.34,35681,High
3.64,18.32,11.15,2046.9,8.09,34990,Low
10.08,15.06,11.54,1079.2,3.44,29784,Low
9.17,17.67,14.02,1554,11.46,18423,Low
4.22,13.11,10.78,1558.2,5.7,31448,High
3.06,18.46,7.87,923.7,2.15,50598,Low
5.02,28.91,10.22,4794.1,7.88,44004,Low
7.85,7.69,13.82,3064.5,5.45,25550,Low
3.2,25.17,12.66,1049.6,2.84,31938,Low
2.22,25.02,14.85,5924.1,3.77,44002,High
3.63,27.37,11.82,8070.6,6.37,33026,High
2.87,11.25,7.25,3985.3,1.07,79579,Low
3.92,18.18,9.53,1793.9,5.53,33000,Low
4.86,24.9,11.8,3556.4,7.41,55730,Low
4.25,2.37,5.53,624.4,4.04,59967,Low
4.65,8.8,5.9,1600.5,4.77,54053,Low
4.77,36.31,14.02,2816.8,5.82,41922,High
9.85,20.12,11.54,2027.3,22.23,23460,High
7.29,5.97,7.51,642.6,2.4,46932,Low
6.66,8.88,11.2,2440.7,11.51,21053,High
7.65,3.94,8.68,750.7,10.5,36634,High
7.72,37.33,14.98,1097.9,23.43,16574,High
7.84,11.73,14.68,186.8,11.13,22027,High
5.04,18.91,7.04,8160.3,7.11,45713,Low
2.8,7.51,6.47,1627.4,5.78,37044,Low
4.72,27.66,10.65,2402,7.65,33265,Low
6.09,61.44,6.68,3730.7,3.54,19977,Low
5.45,28.08,12.72,3283.8,3.47,37473,High
8.33,40.17,13.75,2006.2,8.83,19118,Low
14.81,15.57,10.98,3675.8,31.14,22365,High
6.57,2.52,9.32,606.1,8.25,34704,High
9.57,17.51,13.03,959,21.4,21483,High
5.87,0,4.98,507.3,7.78,33219,Low
2.72,9.24,3.91,1561.2,2.44,60925,Low
2.34,11.53,6.78,1162.1,7.27,41450,Low
10.69,33.97,15.47,2876.8,12.54,25533,High
7.04,26.62,15.57,18541.1,6,29314,High
8.8,21.55,15.12,6248.1,11.03,22785,High
6.05,46.78,11.19,436.6,4.16,25165,Low
4.49,13.18,8.47,1825.7,2.61,42743,Low
3.65,21.45,12.08,4003.2,4.04,32069,Low
10.68,32.65,10.84,7247.1,16.6,29351,High
5.22,13.04,12.2,1397.2,6.53,41733,Low
6.83,13.46,12.03,1765,15.17,25576,High
5.04,51.8,13.98,760.4,13.78,25689,High
7.93,17.73,9.84,842.7,2.59,27222,High
2.32,3.07,5.53,877,3.26,54005,Low
6.51,26.83,11.85,1499.7,7.16,26218,High
3.97,40.77,11.97,2277.5,4.77,32451,High
8.7,71.53,2.83,3247.5,4.7,19183,Low
16.3,35.54,16.34,9575.4,20.02,17386,High
4.56,11.76,7.53,627.3,1.97,41006,Low
9.4,33.35,9.9,10789.2,31.87,28034,High
6.71,17.36,8.33,666.9,5.18,47859,Low
6.32,33.96,13.62,2063.8,7.84,25414,High
4.49,20.27,7.65,1434,5.02,47482,Low
9.47,37.41,11.5,1534.6,12.73,20095,High
7.69,22.09,12.92,1592.2,19,18683,High
7.89,21.15,8.96,1504.8,15.22,23497,High
6.91,10.22,11.45,1990.4,8.74,25380,High
5.55,21.18,13.14,2914.8,7.05,31063,Low
3.8,19.55,9.2,1574.9,9.22,53781,Low
8.55,8.95,10.45,3246,14.23,21310,High
3.15,15.49,9.48,2129.8,4.83,37087,Low
5.47,26.14,15.09,2168.8,13.56,22591,High
7.23,19.83,15.22,1348.3,6.95,26713,High
6.99,30.64,10.96,1496.5,13.57,21459,High
6.3,13.55,9.96,4879.5,8.31,22550,Low
6.64,23.74,10.85,9323.5,16.22,38124,High
6.48,20.52,9.21,10040.9,11.2,36376,High
3.29,27.46,9.6,2183.4,3.65,42314,Low
3.05,32.27,5.59,2373.3,7.74,30613,Low
3.95,24.01,10.33,2032.4,3.3,56856,Low
9.38,7.14,17.86,920.9,15.03,17959,High
4.96,33.55,12.71,1868.8,11.99,19955,High
5.54,28.53,11.64,4408.8,10.84,46206,High
5.3,17.51,6.63,3079,7.64,20628,Low
4.16,14.51,8.28,1342.4,4.46,46726,Low
5.54,17.23,10.72,15151.9,6.43,41495,Low
7.17,11.72,12.2,1395.6,5.72,28911,High
2.32,26.74,8.45,1363.7,1.58,61144,Low
6.23,51.43,13.95,984.4,24.88,20099,High
12.22,26.85,7.89,23054.6,49.89,25567,High
6.53,7.15,10.45,1251.6,12.82,30067,Low
6.44,21.81,9.55,2950.2,8.31,24215,Low
2.97,12.28,5,1044.2,6.25,60688,Low
3.76,31.3,9.7,384.7,4.88,39308,Low
6.9,25.95,14.35,2319,14.51,22423,High
5.66,4.06,7.14,382.5,6.9,42160,Low
9.04,24.98,12.99,2583.4,13.25,26629,High
4.16,31.52,13.26,2193.2,6.02,31873,High
8.03,10.74,11.68,1016.2,6.47,28919,Low
4.09,39.27,12.18,1210.5,13.74,25473,High
6.9,23.39,15.18,1242.6,12.71,22197,High
2.76,10.35,17.18,2693.8,1.37,55748,Low
4.08,13.76,6.83,1929.6,3.33,56571,Low
5.29,3.63,8.64,2007.9,3.15,37952,Low
4.5,17.95,9.56,1516.5,4.57,40287,Low
3.39,4.93,4.81,712.7,3.24,53045,Low
5.14,41.97,11.01,2151.9,7.03,25855,High
9.29,22.41,12.99,1720.5,21.41,21515,Low
4.22,21,15.5,4904.4,3.91,32145,High
6.07,44.75,5.86,1567,11.84,19487,Low
7.24,9.94,7.15,2065.2,18.95,34165,Low
3.11,28.33,5.56,4033.9,2.37,75221,Low
6.75,15.86,10.4,804.2,18.52,25679,Low
2.26,9.47,7.39,3598.8,4.53,40041,Low
7.81,19.69,14.58,457.6,10.49,20463,High
12.41,20.16,15.11,2655.3,13.24,18477,High
17.87,55.74,15.97,1304.6,17.48,11576,High
6.15,29.76,8,7676.7,16.24,32605,High
5.43,20.55,12.74,7097.5,8.96,36991,High
7.2,9.87,13.59,2176.1,12.64,26934,High
6.39,2.12,7.2,3208.9,4.36,43960,Low
3.89,51.33,9.08,592.2,2.53,37644,Low
5.56,15.74,9.07,3067.4,2.94,41586,High
9.13,32.48,13.52,1605.1,9,22446,High
8.36,53.56,12.82,1154.8,16.03,19187,High
6.24,8.88,12.8,2307.7,8.55,25434,Low
3.85,20.14,8.91,3705.5,7.29,32375,Low
10.18,41.75,14.35,683.3,13.58,21633,High
6.59,10.11,12.32,1081.1,12.56,22186,Low
5.46,10.85,7.78,351.2,6.01,36469,Low
5.87,42.42,12.24,808,9.23,23216,High
5.79,29.55,13.18,3393.8,6.78,31699,High
6.83,16.26,11.88,1089.5,5.99,23630,High
5.4,30.54,9.92,1502.8,10.08,43832,Low
6.12,34.11,15.12,1334.2,18.6,21011,High
5.91,37.21,13.93,3224.5,5.66,26630,High
7.13,17.8,10.52,1489.1,8.5,36945,High
11.48,19.74,9.7,1793,36.03,27415,High
6.32,28.61,12.93,843.3,13.85,23420,High
6.71,26.18,10.79,5616.7,23.66,37174,High
7.89,70.26,14.1,1918.9,6.56,25221,Low
4.77,30.94,14.24,2270.1,14.9,26086,High
4.17,26.33,10.98,4434.6,6.38,32237,High
3.82,42.84,13.6,4630.7,3.37,54516,High
5.29,14.08,8.33,1756.9,4.2,43759,Low
11.24,40.83,13.72,1976.8,21.36,15938,High
4.81,29.48,11.01,6420.1,3.61,36043,Low
5.15,35.92,9.51,14370.9,7.09,33140,High
11.19,8.68,11.06,2980.2,12.6,20742,Low
6.27,6.07,5.92,991,6.09,32066,Low
7.84,21.27,10.84,5462.9,15.44,30121,High
4.52,13.92,6.81,1392.8,2.54,25341,Low
8.54,69.97,4.1,3029,3.9,14350,Low
2.54,19.79,7.8,2158.8,1.47,49858,Low
1.98,11.88,6.39,379.5,4.83,44717,Low
9.16,23.79,15.65,8791.5,14.81,24045,High
3.64,22.35,11.39,6069.3,3.56,39538,High
3.9,12.23,8.89,1902.7,15.8,26873,Low
10.26,22.39,9.11,2501.5,31,22068,High
6.69,16.67,15.74,2024.4,3.26,27785,Low
5.57,7.45,6.06,487.8,1.94,60026,Low
5.04,28.71,12.51,6633.1,5.18,36297,High
5.93,22.69,10.22,1037.3,18.05,26409,High
2.72,15.59,7.98,2889.9,2.04,67892,Low
5.57,23.4,8.24,8173.9,8.61,39822,Low
7.49,23.79,11.98,7341.8,11.42,20731,High
2.85,20.53,6.72,761.2,3.97,30007,Low
7.01,15.55,14.85,2479.5,5.93,25677,High
4.17,16.45,13.17,3021.6,7.65,26109,High
6.17,24.73,12.69,3714.8,5.08,27235,Low
4.37,7.69,9.28,839,4.25,36512,Low
3.87,23,8.82,2304.9,9.55,51814,Low
14.33,28.64,13.12,8588.5,25.38,24971,High
4.31,51.19,12.48,1361.6,11.71,24081,High
4.76,11.17,14.22,1287.7,5.09,29652,Low
5.75,42.41,15.16,1930.5,10.6,24712,High
8.15,21.95,16.38,917.2,13.46,18619,High
6.44,54.17,9.82,1445,11.47,22634,Low
7.05,18.1,14.03,1319.4,24.59,17058,High
5.35,29.21,8.52,2194.2,4.32,25556,Low
4.1,9.33,4.94,1851.6,4.97,51129,Low
4.33,18.78,10.79,7558.3,5.49,44700,High
4.57,34.39,7.78,2278.3,10.43,25710,Low
2.74,25.52,8.73,5419.5,1.23,44218,Low
7.38,20.98,14.22,1209.9,17.74,21078,High
8.18,7.33,10.62,5131,9.35,20695,Low
4.02,11,12.7,884.5,3.49,35140,Low
6.25,0,10.84,926,5.75,33628,Low
2.42,16.63,9.36,1610.3,0.93,44747,Low
3.01,23.23,7.48,1124,5.16,51035,Low
5.21,4.88,6.07,2191.9,2.46,52783,Low
4.35,27.94,12.11,1705,4.71,35989,Low
8.24,12.78,8.14,1182,8.64,45165,Low
4.7,19.65,8.53,1560.3,20.26,21946,High
9.35,13.93,11.19,5497.8,19.97,25363,Low
4.48,9.18,11.16,3274.6,3.79,45820,High
5.21,43.91,8.98,6974.3,5.94,39603,Low
8.64,21.69,10.6,1102.1,12.65,26037,Low
8.71,28.55,15.52,2300.9,10.89,22674,High
4.74,22.23,7.94,1447.3,5.67,35228,High
10.5,12.78,13.01,689.6,14.32,14316,Low
6.22,64.08,7.13,1299.5,4.35,18501,Low
1.87,25.15,14.35,12277,0.7,54497,High
6.23,0,14.04,1487.2,18.32,21581,High
9.82,22.94,15.27,1375,7.53,21579,Low
4.62,11.87,9.19,794.8,5.6,34205,High
5.06,2.66,13.56,1840.7,9.68,25021,High
3.59,15.02,6.77,1382.8,2.44,50916,Low
6.32,13.54,9.31,351.4,4.48,42386,Low
6.41,14.11,7.48,2883.6,4.51,43244,Low
12.78,17.77,13.95,734.1,16.7,18548,High
16.51,35.62,11.2,777.7,13.67,15531,High
2.64,33.3,10.52,1420.2,2.64,52205,Low
10.91,0,10.34,484.7,6.65,21144,Low
2.99,16.23,9.37,1718.2,3.29,43148,High
4.21,31.94,17.92,5843.6,5.57,26710,High
7.11,37.7,14.95,2232.9,22.93,20594,High
4.84,28.61,12.53,1288.6,3.58,39087,High
4.19,23.98,13.38,2688.6,3,36716,Low
16.97,19.61,7.6,2013.3,44.56,15605,High
9.04,11.56,14.52,1303.3,13.4,19906,High
7.78,32.53,11.62,3441.4,18.87,29492,High
5.46,15,13.12,1386.3,6.88,28242,High
4.05,31.58,13.62,870.6,18.01,25007,High
4.07,9.81,7.89,1356.3,3.26,47335,Low
5.63,26.82,16.16,4832.5,8.02,28266,High
6.42,25.49,12.34,1649.9,6.74,25711,Low
4.38,12.21,7.42,1915.4,4.68,46573,Low
4.81,11.73,11.96,1287.8,10.26,27597,Low
7.1,17.31,9.6,1033.9,7.35,27081,Low
4.84,24.14,11.58,5983.9,7.8,38020,High
4.2,7.72,5.85,700.5,1.99,66084,Low
4.14,0,14.89,1679.1,5.22,32708,Low
3.32,25.82,10.84,2516.4,1.39,56307,Low
7.63,18.72,11.17,1218.9,12.33,22617,Low
10.91,28.75,11.72,8476.8,28.9,28377,High
4.46,19.45,9.7,3017.6,6,32285,Low
4.11,21.92,10.93,2928.3,3.42,53967,Low
2.24,19.06,7.76,3337.8,2.92,46654,Low
7.56,13.89,11.11,1152.3,6.67,29987,High
6.97,14.59,12.19,3565.8,9.47,33527,High
6.38,17.03,8.82,7547,11.62,41187,High
4.44,10.61,8.25,2890.2,2.76,46353,Low
4.71,11.85,6.77,5152.4,10.85,39433,Low
6.22,27.96,7.75,3681.5,15.2,37840,High
3.06,30.8,6.92,3150.4,4.85,66464,Low
4.22,52.11,6.46,787.7,2.18,53514,Low
5.21,16.15,9.86,2234,5.68,41224,Low
5.78,33.97,11.19,1625.5,12.26,22577,High
9.79,52.81,13.56,1699,13.52,14822,Low
2.83,19.45,6.31,2157.9,1.83,78965,High
3.45,21.89,6.66,5423.3,5.33,57568,High
4.86,11.48,10.78,1466,7.5,26405,Low
6.26,16.2,8.26,553.2,6.58,42310,Low
8.37,19.64,14.49,1250.2,18.2,20374,High
3.87,25.5,6.36,5125.2,3.19,53488,Low
5.4,9.57,6.38,1046,10.72,40683,High
4.95,21.87,13.43,2477.6,5.59,26703,High
6.4,39.1,11.85,2702.3,8.32,27558,Low
4.71,5.47,8.73,946.4,8.73,39864,Low
3.96,18.14,7.19,2639.6,5.83,49642,Low
5.82,10.38,14.13,1755.1,8.47,23819,Low
9.21,21.28,11.55,1007.4,8.85,30795,Low
4.79,54.01,9.06,2312.6,3.51,19642,Low
7.37,8.8,11.33,1690.2,10.27,21328,High
4.9,38.84,12.39,3978.2,10.78,29647,Low
4.65,0,9.1,428.6,8.37,37783,Low
5.6,0,10.36,828.9,13.96,28693,Low
4.86,59.79,13.42,1256.4,20.61,21133,High
5.51,31.42,12.13,6759.8,9.97,39967,High
8.39,46.84,12.03,1196.7,12.72,15795,High
2.99,17.55,5.66,1345.8,5.36,63384,Low
12.79,31.41,12.79,2538.9,22.88,22168,High
6.3,31.11,12.08,5524.4,11.37,35103,High
10.36,3.41,11.59,3206.2,12.07,17103,High
6.07,31.44,10.75,1589.7,10.44,27552,High
3.26,7.81,7.62,691.2,10.58,32124,Low
12.86,3.45,13.01,4859.5,12.87,14423,High
3.75,6.36,12.25,912.4,16.01,23839,High
7.43,19.66,13.23,1651.7,8.87,20380,High
7.63,15.02,16.34,3156.1,17.48,21003,High
3.91,46.77,5.54,1509.8,9.93,20184,Low
5.44,10.71,13.27,810.2,7.49,28315,Low
4.75,19.45,11.11,2923.1,5.12,29887,Low
5.11,23.73,11.62,2560.8,4.97,30273,High
4.41,27.24,9.05,664.7,3.83,44044,Low
6.82,19.76,12.98,1063,10.37,19686,Low
4.43,21.87,10.99,4522.6,7.33,43088,Low
5.92,14.91,9.12,1902.6,4.25,43253,Low
8.66,5.46,13.48,1493.3,17.8,19030,High
3.7,45.45,7.73,3761,3.77,41489,Low
5.87,20.84,12.25,2492.2,6.84,30144,High
4,24.04,9.84,1593,8.24,28381,Low
11.25,20.93,14.05,1919.6,14.08,18546,High
9.34,0,12.41,3623,14.37,20036,Low
6.46,25.86,14.62,128.7,2.81,43946,High
5.24,32.14,14.89,2213,7.43,31767,High
5.46,14.05,9.93,848.9,7.06,30938,High
3.83,5.78,5.17,369.3,4.76,63782,Low
6.21,24.22,14.42,1055.8,11.28,19507,High
3.43,1.72,8.48,2302,10.04,34337,Low
8.73,40.06,11.66,2226.3,12.13,23430,High
8.37,0,12.04,2223.9,8.41,22405,Low
3.68,15.41,11.29,661.4,5.74,34670,Low
7.17,31.82,14.34,1315.1,13.4,19016,High
3.13,17.74,6.12,2756.1,6.71,55464,Low
2.28,13.31,5.55,2067.7,0.61,69019,Low
7.83,13.14,15.18,2144.9,12.12,21881,High
9.63,22.54,17.11,3230.5,15.95,20309,High
4.48,38.64,14,4333.9,5.44,38433,Low
7.84,19.41,11.51,4169.5,10.39,26701,High
3.84,14.39,9.18,9600,3.44,35795,Low
2.34,33.33,8.51,580.7,12.74,34720,Low
9.39,31.82,14.61,1043.6,9.09,19382,High
6.22,7.78,5.73,421.5,12.67,41449,High
6.35,8.65,9.48,1006,5.71,44210,Low
5.64,43.36,7.98,3071.5,20.1,22253,High
8.18,29.75,12.12,6919.5,21.16,22129,High
4.84,21.05,9.91,756.9,3.18,45884,Low
6.09,13.98,5.85,2469.5,6.87,29624,Low
4.19,26.49,11.86,2789.6,3.2,49149,Low
8.17,12.5,12.97,1306.8,18.36,25569,Low
6.26,0.48,5.96,2100.6,16.38,36418,Low
9.76,27.69,12.24,1982.8,11.41,20382,High
5.97,38.33,10.61,1428.3,10.5,26394,High
10.77,6.14,11.23,339.3,8.78,27095,High
4.62,21.41,13.59,2636.6,2.63,34006,Low
5.68,8.25,7.35,320.6,6.61,44690,Low
4.37,11.46,10.61,1084.5,3.54,26470,High
5.45,16.33,11.3,730.1,13.96,26298,Low
3.41,17.23,11.46,5142.2,2.13,50859,Low
3.91,13.3,5.81,1905.3,5.87,59290,Low
6.11,18.86,12.54,2078.7,4.69,36886,High
11.64,31.87,13.27,806.5,23.98,21344,High
5.39,3.84,7.11,470.5,13.46,36170,Low
3.14,18.9,8.75,1560.3,3.77,39638,Low
5.79,24.34,13.16,8684.7,10.14,38976,High
3.13,22.38,10.41,916.2,5.5,42565,Low
2.8,8.16,6.97,1102.3,3.75,52193,Low
5.85,35.62,13.12,1826.3,20.22,22369,High
8.52,33.98,13.8,3448.5,15.86,24923,High
15.3,17.46,9.56,3423.3,40.23,15890,High
7.88,19.01,12.01,777.6,13.14,20298,High
4.66,31.6,11.2,4980.1,7.99,41921,High
6.94,18.62,15.85,1964.4,9.38,21618,High
3.69,4.58,6.43,1033.3,6.07,49148,Low
6.26,26.76,12.07,5726.9,11.62,25983,High
4.48,6.15,8.84,4963.7,6.17,40798,Low
4.11,15.03,4.48,531.1,3.41,72369,Low
3.91,26.24,13.66,1327.7,16.42,24294,High
11.12,2.78,12.07,2219.6,10.93,17884,Low
4.28,22.16,5.63,3170.5,4.83,64333,High
16.6,4.46,16.98,2241.1,11.68,19390,High
8.93,8.58,12.56,3542.9,10.33,26883,High
8.65,5.15,9.96,649.2,2.21,27900,Low
4.13,3.23,9.73,2579.2,3.98,32369,Low
4.83,42.59,10.95,2025.1,7.67,25878,Low
12.39,30.16,15.73,2892.7,18.35,18913,High
4,15.17,10.03,1095.2,7.54,24146,High
5.31,15.58,8.24,2768.9,9.07,39800,Low
3.59,12.46,9.82,1662.5,1.93,45303,Low
9.51,20.47,12.18,1510.6,16.36,17826,High
4.84,24.53,13.64,5712.2,11.62,21619,Low
8.2,20.53,12.94,4530.3,28.32,23485,Low
10.29,25.41,9.63,1919.5,20.21,22053,High
7.39,5.73,14.39,5624.2,11.04,17391,Low
6.1,6.26,6.9,254.4,7.62,37397,Low
7.55,10.8,9.18,2945.6,10.97,34181,Low
4.07,11.28,8.08,695.4,2.78,50896,Low
2.27,16.13,11.95,1185.6,6.87,36332,Low
7.03,26.62,12.42,2539.7,9.53,23044,Low
5.19,39.51,11.25,3465.2,3.32,31885,High
6.93,24.82,14.08,1001.3,12.27,21205,High
4.87,37.99,6.34,1292.6,6.97,25393,Low
4.41,3.67,8.76,3020.3,6.91,32964,Low
3.92,40.73,15.61,2630,5.7,33863,High
5.35,2.93,8.39,2168.3,6.52,37539,Low
2.83,36.73,12.77,1325,7.11,28435,High
2.81,13.38,5.58,4805.5,4.45,48210,Low
8.57,31.12,13.16,5303.9,10.82,30693,High
5.16,25.49,17.81,1180,9.5,27483,High
3.46,14.15,7.58,261.3,4.41,50714,Low
3.92,4.07,9.19,1278.9,2.92,40174,High
6.24,52.17,9.22,2681.7,9.55,21947,Low
4.86,6.24,9.4,1363.5,6.01,34602,Low
6.66,12.71,11.28,983.3,17.47,22504,High
8.99,26.72,17.24,6654.1,21.83,18683,High
4.79,14.53,11.32,4281.4,8.75,26950,High
4.01,17.54,12.22,1071.1,16.4,26171,Low
7.16,15.35,13.57,1512.9,5.71,26877,High
4.19,13.08,8.82,3578.6,12.56,44933,Low
3.55,5.32,10.67,1558.8,2.56,36698,Low
8.24,36.37,15.72,4181.4,12.85,20141,High
4.35,15.92,5.74,2108.6,2.08,60357,Low
8.82,50.56,12.79,975,19.56,17552,High
12.83,18.21,15.97,3469.8,9.19,21061,High
5.15,27.49,11.62,1796.2,9.29,25153,High
3.17,27.34,8.95,1177.6,2.02,81957,Low
6.75,30.31,13.46,2743.7,6.66,26576,High
9.53,21.74,13.45,2124.4,10.99,22023,Low
7.85,25.48,13.67,3454.8,12.91,21952,Low
3.76,22.18,10.39,1065.7,1.66,39067,Low
7.19,32.35,10.81,5435.5,15.09,38822,Low
6.47,37.82,10.96,2044,7.17,24536,Low
6.16,34.49,11.06,3171,9.86,24162,Low
4.72,43.46,12.71,1903.5,8.72,27256,High
3.83,13.82,5.99,572.6,2.29,87686,Low
3.2,15.59,7.41,611.6,5.78,42841,Low
4.15,34.85,10.68,1191.5,16.53,20743,Low
3.7,20.99,10.21,2207.4,6.06,53480,High
7.89,10.05,11.14,661.8,4.64,34050,High
7.9,16.47,13.16,845.4,14.88,25926,High
3.57,18.32,8.26,2870.5,14.15,22422,Low
3.47,11.77,8.53,709,4.44,52979,Low
2.47,20.62,8.85,1153.7,3.04,51676,Low
3.59,15.62,8.49,1513.4,5.27,35108,Low
5.25,38.65,6.7,416.4,4.61,36481,Low
5.08,27.21,9.86,2765.1,7.21,49787,High
2.84,0,9.86,904.6,5.43,39738,Low
7,28.69,13.34,2022,5.99,28261,Low
1.78,13.84,6.74,3969.1,2.15,56585,Low
4.55,5.2,9.87,5000.7,5.62,33107,Low
4.69,21.15,10.29,3315.6,7.84,48171,High
7.84,27.47,14.85,4550.3,10.23,21006,High
6.22,8.55,9.66,746.1,4.65,41933,Low
7.44,2.76,12.01,2762.2,8.74,25000,High
7.51,16.06,14.81,1498.2,14.51,17196,High
4.62,23.51,9.62,1320.8,7.74,43593,Low
6.57,27.53,18.4,2993.5,6.86,30590,High
3.76,24.78,9.95,193.6,8.66,38868,Low
12.35,23.5,8.44,2277.4,18.56,21558,High
5.37,21.52,8.23,10108.1,7.1,43365,Low
2.78,10.68,7.68,912.9,1.81,57561,Low
8.38,38.63,16.07,2149.4,15.65,21038,High
4.18,9.16,9.34,282.8,5.23,48000,Low
8.69,28.85,11.87,1910.7,17.16,18858,High
13.57,14.96,10.47,2578.6,34.76,17103,Low
6.24,27.38,13.18,1535.3,14.2,30908,High
4.34,22.53,5.17,1822,1.1,41178,Low
5.33,37.05,16.26,2090.2,7.22,27371,High
7.71,9.14,8.85,712.1,10.14,26668,Low
5.03,46.3,13.02,5316.9,8.68,42748,High
10.65,19.18,14.14,2685.2,10.68,22458,High
8.73,56.19,11.17,2992.6,11.4,18829,Low
17.4,20.52,12.1,1833.2,25.54,15570,High
3.36,17.01,8.37,291.8,7.1,43673,Low
5.31,16.75,7.3,1379.8,2.53,53971,Low
6.21,16.87,13.98,1805,9.78,20609,High
6.56,30.67,10.98,1726.3,11.4,24130,High
7.2,8.59,11.5,769.8,20.35,30733,High
9.22,28.56,11.52,4171.7,7.74,31712,High
5.01,9.73,7.66,1793.5,6.98,40704,Low
3.89,7.38,11.47,3173.9,5.5,25906,High
2.92,24.43,11.92,1665.7,3.08,45890,Low
2.94,20.95,5.73,2907.8,5.6,41726,Low
4.56,23.98,16.18,2363.3,7.62,26119,High
3.67,17.93,6.83,5965.9,3.63,59076,High
3.46,17.84,7.54,508.5,3.11,59069,Low
5.73,14.53,13.09,488.7,19.62,25384,High
5.86,27.35,8.39,20417.5,13.64,40600,Low
9,16.67,11.98,1361.6,11.66,17278,High
4.86,49.3,4.68,560.5,4.38,27922,Low
3.9,18.25,12.87,4484.7,6.32,24296,High
7.16,13.94,13.26,5831.6,8.56,24316,High
1.61,5.27,7.64,6079.1,0.63,84498,Low
9.73,45.88,12.61,1590.3,11.14,15576,High
3.51,20.43,4.64,1655,2.1,63203,Low
9.38,30.47,15.68,6409.1,11.96,27095,High
3.76,15.29,5.63,5702.7,6.64,49658,Low
2.06,16.53,9.87,1344.3,3.18,37783,High
5.78,15.45,14.05,929.6,5.83,24674,Low
5.39,30.7,11.57,1950,8.67,38037,Low
4.7,17.13,5.23,798.4,4.36,74825,Low
2.64,16.72,8.09,1409.7,3.65,48547,Low
7.89,22.09,14.77,1853.5,8.81,18631,High
3.37,30.21,7.75,909.6,5.02,38694,Low
3.56,38.75,11.57,974.5,13.03,25376,Low
17.42,20.37,9.12,1656.3,44.5,12908,High
9.39,22.24,11.35,4052.3,15.21,19950,High
3.61,20,9.55,573.3,4.16,41457,Low
8.15,24.32,15.11,634.4,11.39,26144,High
4.96,23.3,11.15,5724.9,6.57,42481,High
3.06,15.7,10.53,3009.8,1.51,59458,Low
7.78,8.76,12.41,1787,8.78,25587,Low
7.94,22.41,14.36,2966.4,12.14,22886,High
8.97,14.4,8.05,471.5,3.07,28259,Low
2.92,14.32,11.28,2317.5,4.44,38962,Low
6.76,62.72,14.15,670.3,18.01,18641,High
3.23,21.37,12.85,2689.9,4.96,50468,High
7.14,42.11,9.73,700.1,4.85,28382,High
7.02,36.46,11.52,895.6,12.08,24644,High
8.11,29.9,8.77,1635.9,8.39,34218,High
13.29,21.27,7.33,2846.1,46.88,14292,Low
4.36,18,6.45,4320.7,2.21,50191,Low
2.92,18.66,13.71,2544.4,2.12,57815,Low
1.79,20.42,7.05,1565.4,3.29,59913,Low
7.26,22.13,13.51,940.1,13.37,21949,High
7.1,25.21,14.05,1837.3,8.09,32154,High
3.57,8.4,13.54,3939.5,2.62,28097,High
6.09,22.59,10.8,4557.8,8.95,25152,High
14.71,29.15,14,11153.6,21.97,21650,High
11.76,27.16,17.06,18091.3,9.96,26810,High
8.2,24.62,14.35,2365.2,7.78,23487,High
8.45,20.93,15.65,1619.7,17.42,21309,High
7.87,19.2,12.82,1969.2,12.87,30151,High
6.42,42.14,12.92,2858.7,3.96,25369,Low
9.18,35.58,11.37,8403.8,16.42,22147,High
5.39,9.78,14.81,1500,10.03,23958,High
3.14,16.88,7.56,4511,5.65,53226,Low
5.21,10.42,9.43,1785.6,14.14,31637,Low
6.9,42.44,7.65,3194.9,4.23,21463,High
4.48,19.86,11.18,6221.6,3.38,50981,Low
4.96,22.74,10.45,783.5,5.67,35090,Low
4.42,49.25,7.23,2260.6,3.34,30489,High
5.94,14.94,12.3,1121.1,10.44,23603,High
2.67,0,9.43,1617.4,3.88,41524,Low
4.3,16.15,17,1936.3,3.53,32341,High
4.82,7.75,13.08,1274.7,14.05,26668,Low
5.15,22.35,8.87,795,7.81,33498,High
3.62,11.48,6.95,3320.6,1.6,38346,Low
4.47,20.43,7,8311,4.32,43309,Low
2.4,31.07,12.24,2278.3,1.9,55333,Low
3.85,5.89,6.44,391.2,1.95,63032,Low
4.97,8.65,8.62,2711.4,9.02,41745,Low
5.29,13.65,10.24,2574.7,4.25,46199,Low
3.96,9.39,12.93,3023.7,5.9,35197,High
2.96,5.63,10.04,380.8,8.13,35005,Low
11.49,25.46,8.95,6959.3,39.05,27074,High
7.18,28.4,9.27,1605.9,8.74,18346,Low
10.24,32.71,10.66,20014.9,44.2,22279,High
2.96,41.12,13.27,9255.7,2.94,34836,High
3.82,12.22,8,2151.6,7.82,43191,Low
3.09,4.96,7.67,2747.1,4.8,36977,Low
4.57,18.11,8.89,4974.4,5.46,47143,High
3.75,3.34,10.31,1435.5,9.96,33817,High
3.91,9.83,5.82,2458.9,17.12,46309,Low
2.03,9.83,4.75,1992.3,5.68,65920,Low
5.7,3.4,9.02,503.9,9.2,37230,Low
2.41,8.21,8.44,1708.1,1.15,74472,Low
8.17,11.97,15.26,1400.2,20.25,16586,High
2.44,16.79,8.2,2274.5,2.35,45424,Low
10.57,0,7.67,336.8,7.83,25615,Low
2.55,48.91,6.38,2495,2.89,69695,Low
4.55,14.18,7.42,3792.6,12.36,41000,Low
6.33,31.67,8.04,17893,11.08,32455,Low
4.44,15.19,6.95,1118.7,6.88,49965,Low
7.69,17.32,10.91,8999.6,18.23,33488,Low
7.16,22.83,14.31,800,11.26,24056,High
4.35,29.4,12.55,2526.6,7.94,23206,High
5.57,9.47,9.67,3629,14.33,31007,Low
7.11,9.77,11.4,4339.5,15.34,24319,High
5.84,5.45,12.95,3763.7,6.52,27312,High
7.35,50.72,15.51,1417.4,25.26,20053,High
3.09,11.56,9.32,957.1,5.61,46970,Low
5.96,9.38,9.69,2569.9,8.52,34528,Low
8.43,24.68,12.48,952.2,12.58,19077,High
4.03,16.45,10.74,3272.2,4.82,47506,High
4.28,24.51,15.65,3450.1,13.43,22859,High
3.5,12.26,11,1624.6,7.43,40543,Low
9.52,21.73,11.39,2215.9,5.11,22468,High
8.03,59.16,5.6,3226.8,6.27,18022,Low
9.34,31.87,12.82,951.5,22.98,19259,High
3.83,14.73,7.71,1543.8,6.97,41814,Low
3.72,12.67,9.3,1061.7,2.01,50492,Low
6.15,30.51,10.09,8664.8,14.87,32559,High
5.68,28.62,8.96,4363.4,3.79,25982,High
3.53,23.46,13.03,4219.2,1.76,42453,Low
4.82,10.53,8.03,1787.2,13.58,26771,Low
4.93,7.12,9.62,3058,6.09,31053,Low
7.22,30.11,13.45,1297.6,7.78,25377,High
6.1,28.07,12.87,4690.3,8.78,23563,High
9.24,39.8,15.71,1728.9,10.65,19193,High
10.95,9.59,12.94,1532.4,15.74,14579,High
4.03,17.3,12.22,1561.8,6.79,33228,Low
10.62,24.62,12.62,8545.4,17.99,28704,High
2.91,17.09,9.13,1693.4,5.78,32624,Low
4.29,35.47,13.3,1317.5,8.27,34826,Low
2.46,17.99,11.27,743.7,2.98,42358,Low
3.34,20,9.09,1307.3,5.84,28815,Low
1.97,6.08,10.41,1333.6,3.14,38605,Low
5.64,29.14,15.22,4911.3,14.15,21665,High
2.87,3.85,6.28,1087.2,7.25,42235,Low
7.88,5.64,15.37,1665.8,9.71,23127,High
7.8,14.19,11.97,3599.2,9.18,27770,High
2.85,24,4.41,594.6,2.23,76907,Low
4.6,32.7,13.64,4371.2,10.13,33667,High
8.71,8.91,13.8,1189.2,20.69,20413,Low
9.68,6.38,15.13,2530.4,9.27,20533,Low
3.58,19.93,8.04,2007.4,6.97,60368,Low
4.97,27.55,14.46,1839.1,7.97,25015,High
9.64,30.5,17.91,2191.6,20.83,15315,High
2.41,7.88,6.5,1808.4,1.84,47346,Low
4.9,12.64,8.29,252.4,9.48,46566,Low
4.03,19.66,6.95,3115.4,6.64,49777,Low
2.85,27.82,13.18,2393,1.84,42299,Low
3.51,20.56,6.2,3651.4,6.1,56478,Low
4.8,36.6,8.56,7778.6,3.05,45598,High
4.75,25.48,8,942.9,1.89,52044,Low
8.82,46.25,14.22,952.1,20.39,21851,High
13.37,28.62,9.28,16265.4,48.23,23819,High
6.37,24.56,12.84,1236.1,13.67,22357,High
3.37,25.84,9.55,1378.1,3.07,49849,Low
3.3,7.91,12.42,2241.3,2.41,37159,Low
3.12,8.84,9.71,2921.9,5.18,42113,Low
3.96,20.26,9.69,5813.2,3.83,56255,Low
3.52,31.58,12.39,760.1,10.81,32348,High
8.38,15.97,13.91,3009.6,14.44,22193,Low
6.16,20.55,14.47,1653.5,13.34,25751,High
4.06,12.5,8.61,6527.6,8.2,25482,Low
7.35,67.39,13.88,1793.9,13.76,20429,High
7.82,25.29,11.57,2962.6,15.88,40955,High
8.35,16.92,11.29,5793.4,15.08,26265,High
5.29,17.8,9.71,4692.7,7.15,28465,Low
6.41,35.35,12.88,1996.5,15.22,20831,Low
4.77,40.53,9.25,12212.6,8.23,46395,High
4.38,22.72,11.78,2430.4,3.28,38354,Low
3.25,19.14,9.07,4728,2.92,41096,Low
6.75,4.75,10.9,1067.4,8.52,32690,High
6.15,20.95,13.69,2666.3,7.5,26344,High
4.22,20.27,8.53,2850.1,1.94,53479,Low
4.01,5.25,9.28,2638.6,7.92,26818,Low
3.27,14.04,13.21,3167.5,1.96,28950,Low
6.17,29.5,11.06,1429.9,5.7,25009,High
5.1,7.62,9.89,817.2,12.83,35230,Low
6.83,2.92,11.66,1516.1,4.98,31161,Low
3.76,17.4,8.63,1388.3,3.4,37601,Low
11.23,8.83,15.06,4017,10.62,19807,High
4.96,1.68,7.56,1417.6,6.13,37695,Low
2.43,19.56,13.05,3458.2,2.85,46502,Low
6.98,14.03,12.89,4596.3,8.85,30389,High
5.05,41.72,10.73,3565.8,2.13,29407,Low
6.54,25.65,14,4364.5,8.87,31461,High
3.42,23.65,6.14,973,4.42,43598,Low
15.72,26.91,9.8,3528.7,34.08,24470,High
5.45,28.12,10.72,625.9,10.19,26276,High
6.17,15.6,11.34,1346.9,8.02,33118,Low
3.2,20.17,13.96,4489.1,2.42,46885,High
7.66,32.12,10.68,1689.3,3.23,24584,Low
4.75,19.8,14.4,10,3.3,47924,Low
7.2,0,10.15,3811.2,11.34,21135,Low
13.9,20.83,11.32,4849.2,23.25,25147,High
3.73,12.68,10.69,1351.7,8.37,24296,Low
5.85,12.94,11.16,2139.5,6.14,31583,Low
2.23,28.13,6.97,1464.3,3.82,51265,Low
5.56,13.35,14.32,1701.7,9.4,22267,High
6.17,35,13.19,2697.9,19.51,21543,High
5.2,18.9,11.59,1703.8,7.32,32098,High
2.27,26.24,7.49,1945.1,1.33,54505,Low
3.35,12.63,11.75,2877.3,3.42,47533,High
5.82,1.73,6.67,647.3,6.19,48507,Low
4.41,3.23,12.82,3118.1,7.48,29549,Low
10.76,27.99,12.48,3553,11.89,18276,High
5.16,18.23,8.82,9872.2,10.73,38507,High
4.36,31.25,12,2430.6,15.69,22677,High
15.6,9.03,13.89,2747.9,10.61,17060,High
6.2,8.46,13.1,2569.3,5.36,28117,Low
2.31,6.04,7.43,762.4,3.54,57606,Low
10.84,3.05,14.82,2014.2,16.78,21989,Low
1.83,18,9.79,1067,6.32,24573,Low
6.47,5.19,11.38,4716,12.66,27289,Low
5.9,5.41,9.25,4237.5,7.85,28694,Low
6.25,34.44,14.09,4583.1,5.79,31793,High
7.62,14.76,10.66,7422.5,7.33,40431,High
6.16,3.11,12.52,1238.5,19.45,26777,Low
6.67,37.02,13.1,6472.9,6.54,25324,High
1.96,28.81,6.41,6430,1.31,53539,Low
6.77,52.28,4.92,1004.9,5.48,12931,Low
8.58,20.96,14.65,2663.9,11.31,30037,High
5.89,38.69,12.51,937.6,15.7,25238,High
3.16,4.39,13.87,1422.8,13.15,24509,High
6.31,30.77,9.28,3580.2,8.34,25523,Low
7.34,30.93,14.78,3233.3,8.98,31702,High
5.88,26.82,12.99,9109.5,10.13,33063,High
2.77,18.06,10.55,2992.8,1.15,63607,Low
11.99,41.76,12.86,2025.3,14.15,16223,High
6.58,40.06,10.4,1022.8,17.77,20646,Low
8.22,21.6,13.59,873,10.18,22664,High
6.92,27.97,11.31,856.1,5.4,41974,High
12.37,27.16,10.19,12958.1,44.54,22515,High
9.96,11.48,13.78,2937.8,16.88,21897,High
1.97,9.59,6.85,717.3,6.75,45262,Low
6.82,29.07,11.8,3047.5,7.47,33453,High
15.94,32.1,13.96,934.3,19.9,13704,High
9.12,20.28,12.71,601,11.58,19002,High
7.28,16.38,11.77,3378.8,9.11,40256,High
6.44,30.17,12.51,6580.3,5.31,32150,High
7.7,19.5,4.27,2272.2,9.47,13109,Low
14.99,33.8,14.08,9727.2,21.36,22183,High
6.63,25.46,12.3,4708.8,12.18,30194,High
4.14,26.06,15.38,2295.9,3.9,34950,Low
5.72,27.84,12.8,3308.5,8.15,33686,High
5.42,25.58,12.27,1279.8,17.13,21496,Low
6.24,3.66,8.07,256.2,8.52,25500,Low
4.98,11.97,13.39,1634.8,4.07,32779,High
8.92,16.06,14.01,2712.7,17.05,23584,High
7.86,7.03,9.88,328,12.45,34588,Low
4.62,27.64,14.42,3245.3,4.94,35237,High
4.31,30.1,10,6042.6,9.61,50945,Low
2.25,6.25,4.16,1265.5,3.38,57132,Low
9.79,24.26,13.7,956.1,9.78,27914,Low
14.24,10.7,13.59,2731.5,20.68,19391,High
8.24,19.37,14.39,1451.3,9.24,21745,High
5.7,31.54,12.08,6257.6,8.05,41435,High
3.93,3.54,7.47,736.1,4.66,34158,High
6.76,23.08,10.31,1857.4,14.33,21568,Low
19.01,15.86,8.4,4190.5,44.85,13060,High
6.43,25.16,15.77,3259.7,12.2,23551,High
4.56,10.77,6.78,5298.9,10.57,42665,High
4.04,8.07,7.82,541.7,7.74,38920,Low
5.84,12.71,9.69,1373.8,4.84,36171,Low
2.65,10.24,6.21,1027.8,8.68,43968,Low
6.41,22.89,11.41,2768.7,12.04,37695,High
5.8,41.96,9.04,2214.5,5.29,23184,Low
4.18,24.17,14.45,2102.5,10.97,23038,High
2.55,14.65,3.87,1850.4,3.61,74401,Low
3.88,21.78,8.36,852.9,2.24,47284,Low
5.59,27.81,6.36,1897,1.52,31633,Low
4.72,5.5,10.43,361.5,4.04,34255,Low
8.17,29.07,12.15,6300.5,11.07,21242,High
2.75,28.81,10.85,3771.4,1.98,64587,Low
8.77,22.07,11.47,4248.7,16.05,27293,High
10.94,39.28,11.46,18056.6,23.34,26669,High
3.6,8.82,9.24,2287.1,7.99,28892,Low
4.58,30.95,13.55,3646.5,3.65,41675,High
10.73,26.04,15.22,7794.8,18,22140,High
2.32,15.55,9.97,614.6,7.26,37161,Low
7.91,28.09,11.69,2154.8,14.58,21119,High
4.71,21.45,15.16,1617.6,2.53,33214,High
3.53,14.33,6.59,753.4,4.02,58250,Low
2.54,26.22,8.04,661.1,7.92,38527,Low
2.95,9.52,10.4,3308.9,1.99,38464,Low
7.16,15.02,12.16,16.3,6.21,21603,High
1.85,18.1,5.91,1646.4,0.82,65372,Low
6.84,40,11.2,1790.4,18.34,20618,High
7.02,11.15,8.61,1061.6,11.45,22291,Low
7.77,9.9,11.36,3682.4,15.26,30533,High
3.65,16.3,8.15,4347.4,7.27,46866,Low
4.44,8.35,6.63,445.5,5.73,43244,Low
5.12,8.05,7.81,677.2,10.09,45763,Low
4.96,20.07,11.35,1409.8,9.75,33273,High
4.43,21.92,9.6,995.2,9.31,30147,High
4.45,7.03,8.01,638.3,4.81,46301,Low
4.44,11.15,11.7,1456.9,2.71,40417,Low
6.9,24.87,15.32,2476.6,6.01,24474,Low
3.86,7.94,8.25,1707.4,3.22,42095,Low
6.41,15.53,12.19,592.4,10.98,31266,High
7.19,19.54,15.86,3549.2,6.74,25333,High
5.24,8.05,5.98,666.9,2.1,58018,Low
5.1,64.23,11.4,612.9,13.22,23318,High
5.55,25.28,13.07,6533.6,5.32,26722,High
2.13,16.6,7.68,1107.2,2.98,44250,Low
5.63,29.78,9.2,2514.9,10.09,23727,Low
5.48,27.37,11.88,571.7,14.03,22476,High
2.84,12.22,9.79,1708.2,1.23,41045,Low
5.46,39.97,10.43,4755.5,9.36,39667,Low
4.95,28.14,16.76,4344.6,5.78,25422,High
4.46,28.51,7.29,2836.3,5.5,50075,Low
6.08,20.42,13.91,3402.9,8.08,24864,High
3.68,24.11,4.56,2308.3,6.13,58995,High
2.65,14.97,5.93,568.7,1.24,79092,Low
5.03,4.64,11.21,1685.9,6.13,30548,Low
3.88,22.08,9.52,431.3,5.77,30896,Low
6.26,9.74,10.13,134.4,12.85,23053,Low
7.31,28.29,10.59,6151.3,7.2,40865,Low
6.12,17.59,9.11,5456.7,10.16,32321,Low
3.54,17.6,10.01,3278.3,10.23,26151,Low
4.97,18.68,10.25,2745.7,4.76,38488,Low
6.11,29.69,13.33,2476.9,9.23,36058,High
5.08,34.59,6.4,1163.8,4.32,28003,Low
4.53,11.8,6.04,2365.9,7.28,51198,Low
7.49,9.66,7.98,3376.7,16.88,18974,Low
2.2,26.64,13.55,3905.1,5.02,29584,Low
5.74,31.13,6.87,4687.1,20.43,37998,Low
3.89,14.26,4.05,882.6,2.56,70039,Low
6.99,23.87,12.33,5410.8,12.72,27606,High
13.21,23.75,13.46,1407.6,22.55,20347,High
7.66,26.14,9.89,5260.7,23.03,31605,High
4.58,17.82,15.35,2476.7,3.77,32393,High
5.48,3.21,8.04,701.1,5.94,42474,Low
8.38,37.04,12.48,3043.4,17.9,16305,High
6.05,26.72,7.99,4399.8,8.94,38514,High
3.83,4.13,7.33,1033,8.09,47106,Low
6.2,35.71,14.69,2582.4,9.43,35684,High
6.59,16.97,13.79,1957.3,10.9,23695,High
8.58,40.89,16.32,2413.2,9.8,26787,High
7.84,27.23,14.35,1378.4,9.87,24495,High
5.32,10.49,6.01,1804.8,0.2,42032,Low
5.28,18.02,12.02,2702.4,10.02,36584,Low
2.36,13.89,7.92,1162.5,14.96,31061,Low
3.47,13.03,8.01,764.2,4.13,51988,Low
3.72,69.49,12.83,211.5,18.04,20518,Low
6.87,24.45,12.22,1005.5,12.27,21427,High
2.82,37.5,11.53,1972.2,6.92,36652,High
8.25,18.7,10.17,2642.5,11.12,36710,Low
11.6,34.44,17.87,3393.2,9.21,21529,High
5.68,15.96,9.16,1805.8,6.45,32141,Low
8.88,21.18,13.25,6317.6,9.81,23627,High
5.62,28.01,13.96,2336.7,8.03,27591,High
5.41,21.5,11.45,1678.2,13.23,20196,Low
7.07,17.24,9.91,1244.1,18.77,22684,Low
2.36,17.67,11.96,7874,0.75,67723,Low
5.82,9.83,7.72,3765.3,7.18,26703,Low
5.03,10.44,7.9,655.4,2.21,52798,Low
4.38,9.89,8.12,1599,4.78,40885,Low
3.58,35.15,13.06,1194.9,13.6,25366,Low
3.28,13.01,6.64,619,5.41,58756,Low
7.55,25.78,10.19,1717.7,9.54,21321,Low
4.19,24.15,10.71,2172.1,4.42,51231,High
2.41,21.52,8.58,1358.5,1.37,46259,Low
7.65,25.42,7.63,12274.7,17.83,32846,Low
3.5,20.33,8.25,607.7,4.08,54305,Low
10.86,25.11,14.92,11185.6,16.44,25719,High
5.41,30.39,16.1,506.7,7.99,27538,High
6.97,18.89,12.82,4462.9,9.36,35083,High
3.27,3.16,6.59,778.5,6.71,42315,Low
6.8,61.18,5.96,3131.7,6.81,16478,Low
8.52,13.85,13.64,3509.8,11.26,21085,High
7.45,0,7.69,267.1,15.41,37092,Low
7.57,37.94,12.77,5434.6,11.57,33084,High
4.39,0,12.37,1230,7.65,34835,Low
6.59,22.38,8.53,4383,25.33,33482,High
3.63,19.08,12.21,741.8,9.38,24604,Low
5.2,16.93,11.87,1586.6,6.4,32194,High
7.03,36.96,15.03,9538.9,9.56,30727,High
6.63,19.24,13.12,3065.6,5.72,40936,High
4.41,8.91,8.79,1953.7,10.77,28223,Low
2.15,6.19,5.73,192.4,3.77,65522,High
4.12,0,10.54,1816.4,9.31,32436,Low
7.05,2.54,11.67,753.2,13.51,23078,High
3.67,8.29,8.66,1542.4,2.91,33273,Low
5.36,20.68,9.58,6127.2,8.59,40776,Low
6.12,24.97,13.32,5733.1,10.96,36879,High
2.75,25.38,6.55,1220.4,3.81,74124,Low
4.25,25.87,12.55,6758.9,6.39,42894,High
11.53,16.04,14.4,1272.1,13.84,19099,High
7.11,16.29,9.96,1275.1,10.47,35974,High
5.31,40.31,10.91,1479.3,16.94,26674,High
2.24,34.01,4.9,3858.7,1.64,65976,Low
4.59,16.97,7.28,7816.8,8.19,43490,High
6.58,32.53,10.84,5191.4,10.61,40327,High
5.43,30.25,8.14,5282.2,2.1,29044,Low
3.31,22.31,5.78,1366.4,1.85,89395,Low
11.14,14.63,12.35,2957.5,25.43,13804,High
12.46,27.69,9.89,12310.2,35.64,25961,High
5.62,27.83,12.65,9483.4,4.11,29737,High
7.47,21.92,14.88,1682.7,19.15,20185,High
9.13,36.66,17.06,2886,10.96,22275,High
4.24,25.04,9.44,1037.8,3.06,41081,Low
4.56,16.89,11.02,892.5,8.68,39618,High
12.16,12.72,11.75,4790,31.05,22647,High
3.91,14.8,8.94,402.5,9.24,38725,Low
7.32,30.03,12.05,3498.5,14.44,35788,High
4.54,26.82,11.72,1837.6,5.78,38124,Low
6.34,24.61,9.37,12109,22.72,31649,Low
5.71,20.06,10.23,2207.9,11.78,24472,High
7.65,28.7,9.14,10219.2,7.2,34344,High
4.8,15.45,13.98,3833,6.23,26473,High
7.5,35.71,11.11,1045.2,17.3,20565,High
4.6,23.48,10.32,1567.1,6.18,30366,High
5.09,12.39,9.68,1332.2,7.96,38250,Low
6.7,3.1,4.62,420.4,13.43,22649,Low
3.32,1.7,6.38,1887.2,6.31,44358,Low
3.23,0,5.64,937.4,4.45,45538,Low
6.4,30.12,15.59,2504.8,6.8,25236,Low
6.05,11.63,8.93,3994.6,11.83,20927,Low
5.88,18.2,8.96,10545.1,11.39,31954,High
9.34,33.76,12.04,7251.7,10.02,28553,High
3.96,19.8,8.81,661.4,2.75,69917,Low
4.85,19.36,8.18,3898.9,9.23,45516,High
5.88,34.01,15.91,9811.9,8.95,32711,High
4.08,5.84,5.6,3249.7,7.57,50095,Low
17.59,11.78,8.04,2515.8,38.98,17645,High
5.16,18.7,8.46,2957.6,5.85,50448,Low
8.83,25.93,19.1,1349.5,14.04,19836,Low
4.75,0,11.68,677.8,13.95,19950,High
3.48,13.73,6.43,1705.3,2.13,67389,Low
5.05,14.35,11.03,973.3,2.96,36626,Low
4.99,19.47,12.89,1443.7,4.2,39975,High
8.44,20.03,10.54,7160.8,22.12,34383,High
4.76,3.1,10.45,1723.4,8.24,38432,Low
4.14,16.3,8.08,799.4,3.58,42016,Low
6.18,23.3,12.7,1840.3,3.29,29426,Low
9.19,0,13.21,2004,14.83,19030,High
5.53,18.7,15.72,3057.7,9.02,25149,Low
6.42,31.69,9.62,2497.3,5,42948,High
5.77,15.65,10.47,613.3,6.39,36121,Low
3.32,20.07,15,2648.4,3.04,46352,High
7.18,26.66,8.9,1194.9,11.46,15917,High
6.07,38.1,9.45,1215.2,8.81,23156,High
5.27,38.12,14.24,1470.3,9.48,23483,Low
7.55,14.51,13.35,2448.1,14.32,24346,High
7.44,8.43,10.43,1029.1,25.14,21160,High
4.57,36.36,11.63,4577.2,8.11,46539,High
11.52,12.79,14.53,2032.3,16.95,15732,High
3.41,12.81,13.96,3024.3,6.13,28687,High
3.64,52.48,8.24,1519.6,16.88,30650,High
3.42,26.86,16.41,6202.3,3.31,42489,Low
9.11,36.68,12.53,1701,14.66,19775,High
6.09,7.31,14.98,1691.7,6.58,24325,Low
8.18,5.23,12.06,5058.5,9.76,28993,High
2.23,35.38,12.96,3667.8,4.75,34727,High
9.46,37.56,9.05,1792.7,13.22,22176,High
7.29,22.21,10.45,2699.3,12.85,32633,High
6.82,30.04,15.71,7380.6,13.41,22191,High
5.8,18.65,6.86,6809.5,7.38,38859,High
2.61,23.76,7.05,5142.2,0.98,48125,Low
17,28.7,12.56,2741.7,28.35,21401,High
5.01,9.72,8.96,479.7,5.02,43861,Low
4.54,10.53,9.55,253.3,4.72,40718,Low
4.87,22.15,10.78,2589.1,4.49,46193,Low
7.93,24.03,15.19,1302.4,23.93,19749,Low
7.84,6.78,11.83,2553.6,7.63,20411,Low
5.36,2.95,7.76,1063.3,5.23,36979,Low
8.68,0,14.42,1359.8,21.54,17682,High
5.2,19.79,14.64,839.4,7.26,28513,High
2.61,9.38,7.73,1000.4,4.65,41491,Low
4.44,9.64,11.78,1832.9,9.35,29042,Low
2.9,0.98,6.87,721.2,3.44,55050,Low
11.51,42.59,13.82,860.9,24.62,17897,High
5.43,24.57,10.26,11859.1,9.7,41533,High
9.19,15.9,10.75,1432.3,13.49,27101,High
17.23,34.17,11.22,3760.7,27.77,21198,High
4.45,11.49,7.07,824.9,3.89,51692,Low
5.34,0,9.62,1705.4,7.82,29080,High
3.94,12.92,9.32,3827.7,4.66,46587,Low
4.5,12.03,12.67,579.1,8.03,27871,Low
8.24,6.86,12.13,893.1,13.15,20277,Low
6.58,21.4,7.78,4209.8,13,40268,High
11.51,8.55,8.86,2242.5,28.2,17811,High
5.86,43.84,12.64,462.7,13.36,27236,High
5.25,51.56,12.52,4299,12.14,23534,High
5.64,7.64,11.04,1049,8.72,25322,Low
2.76,5.58,4.66,1322.9,2.67,59285,Low
7.44,12.68,12.12,214.7,17.12,21920,High
4.81,28.91,12.96,1617.6,4.12,45739,High
4.78,32.48,13.52,3425.8,7.97,35479,High
5.78,50.77,15.73,1167.7,20.61,24517,High
8.36,20.33,13.15,2121.7,8.2,25859,Low
5.14,15.53,15.85,1720.6,10.65,25670,High
7.15,9.37,12.71,1273.7,12.91,29354,High
3.55,22.29,8.58,3433.5,2.62,60651,High
4.73,60.36,12.58,1092.9,4.42,31193,Low
10.83,31.73,11.36,14826.6,14.08,29054,High
4.46,15.99,11.41,1608.9,7.79,27325,High
6.43,35,12.11,1375.9,14.3,25223,High
3.4,18.06,11.78,3087.5,4.26,37080,High
5.87,35.71,14.82,1272.4,13.31,23634,High
5.25,35.4,9.31,3624.5,11.53,27647,Low
7.63,14.53,12.6,5270.5,10.14,26540,High
8.74,21.67,15.71,1252.4,5.96,25828,High
6.66,12.39,14.19,1035.9,11.05,23194,High
2.09,18.96,6.39,1445.4,4.06,56543,Low
3.94,22.66,9.93,1351.2,15.87,22146,Low
2.34,6.87,7.99,901.4,4.85,52212,Low
4.97,16.29,8.85,703.5,2.55,45405,Low
5.21,0,12.97,2128.1,15.65,25258,High
6.68,26.54,16.74,4597.3,9.15,27239,High
7.84,58.11,7.72,1475.7,11.53,22092,High
3.78,5.4,7.65,581.7,2.5,53396,Low
5.17,31.44,11.74,4359.5,8.33,35425,High
9.78,18.51,11.26,1847.9,5.79,25197,Low
4,3.44,5.49,548.8,3.16,50275,Low
5.62,6.14,10.16,454.6,8.56,31768,Low
5.34,9.97,13.08,3762.5,3.56,34726,Low
4.55,33.07,15.5,3976.6,4.02,30512,Low
4.15,4.01,8.06,889.4,4.92,41095,Low
2.88,29.03,8.86,1875.4,2.4,53905,Low
3.45,21.68,15.07,3612.2,2.31,38437,Low
5.49,13.15,14.39,4371.4,7.23,31741,High
9.18,32.23,12.69,2482,8.91,21301,High
5.17,25.34,15.55,2086,13.37,28734,High
6.41,17.1,12.94,1084.5,16.96,22750,High
4.59,10.76,8.93,906.1,6.93,50228,Low
6.62,8.05,8.53,730.2,1.41,48986,Low
5.81,18.2,17.1,1806.1,9.43,25029,High
6.18,20.38,12.28,1725.6,23.45,25773,High
3.68,20.07,9.99,2737.8,4.53,48219,Low
9.2,35.39,10.82,1723.7,5.03,19005,High
4.96,4,6.42,299.6,3.3,50987,Low
5.66,24.01,12.89,1893.2,13.64,24055,High
12.87,0,11.15,1070.5,21.67,16853,High
8.71,14.96,14.45,2862.4,8.92,22532,Low
8.21,30.75,12.76,4928.8,9.83,20891,Low
7.23,32.88,12.63,2121.2,11.99,21904,High
5.12,7.01,6.27,3769.2,6.03,50684,Low
6.58,19.95,14.9,2058.1,5.06,27042,High
8.83,6.17,14.99,1197.4,18.64,20478,High
7.39,4.26,8.02,1611.7,6.32,26867,High
14.17,3.85,11.54,4642.6,14.54,14839,High
6.56,22.24,12.01,1021.8,15.3,20364,Low
7.46,18.27,14.17,1748.6,5.96,24685,Low
8.9,26.13,13.72,5268.3,10.05,31701,High
6.09,14.17,13.24,3217.7,14.93,24966,High
6.44,11.49,7.27,814.9,15.15,25344,Low
8.93,18.62,16.29,1235.1,13.74,20825,High
2.86,18.36,6.59,2262.3,1.53,86674,Low
3.35,12.1,10.72,4955.4,5.66,33120,Low
4.9,19.78,10.72,3047.4,5.15,40679,High
4.29,69.81,4.76,2318.1,2.31,24636,Low
7.93,23.86,18.25,2184.9,6.54,18627,High
3.69,18.69,8.46,406.2,2.33,56115,Low
5.8,4.35,7.62,2244.1,5.59,41919,High
3.5,41.56,14.47,7028,6,41472,High
4.88,23.13,11.27,1217.1,10.33,27065,High
2.11,31.78,12.8,1355.1,7.61,39887,Low
3.14,21.18,7.67,1200.5,2.17,48121,Low
5.15,20.44,7.44,7771.9,7.91,43172,Low
10.15,32.6,17.28,1477.5,9.99,23887,High
18.14,14.74,8.68,2764.9,43.86,16922,Low
6.05,19.12,13.22,4308.2,8.59,27352,High
9.07,28.9,11.66,6417.5,9.03,20747,High
3.46,2.4,6.95,1997.9,9.52,43888,Low
3.33,50.59,12.31,2168.6,9.92,31270,High
4.11,11.61,7.82,4243.8,4.25,34183,Low
4.71,16.65,7.93,6124.7,12.35,39905,Low
7.16,9.52,9.47,456.3,4.26,39886,High
5.64,49.02,9.49,2056.4,3.6,26826,Low
4.91,0.96,7.38,955.7,8.52,37082,Low
8.41,27.35,8.81,9728.3,26.03,29770,High
6.19,42.52,14.49,2464.2,3.04,23579,Low
4.8,20.12,10.06,3896.4,4.96,41670,High
4.61,34.58,18.04,3993.6,7.27,27708,High
11.23,13.33,14.85,2994.8,16.46,19343,Low
8,15.08,9.99,1608.4,19.87,21433,High
7.74,2.26,13.3,748.6,8.47,29116,High
5.23,17.45,6.7,797.5,3.51,50679,Low
8.8,22.59,15.18,8836.4,5.3,22709,High
13.32,15.36,9.11,1599.8,35.19,19017,Low
6.5,33.06,10.29,2775.1,3.54,26875,Low
6.34,24.26,14.29,3435.7,9.75,29683,High
2.44,15.29,6.32,559.7,8.77,41338,Low
5.41,14.91,5.82,516.9,2.96,60566,Low
9.34,31.5,18.43,3797.3,5.79,27893,High
4.56,22.34,13.03,1013.5,10.79,28860,Low
6.38,18.57,17.24,2259.7,5.87,28415,High
3.79,26.08,13.57,3722.8,2.73,33951,Low
6.61,25.35,12.2,2176.8,8.48,25300,High
2.83,25,8.39,754.6,7.82,39261,Low
5.96,0,13.2,2790.9,9.51,24868,Low
3.61,13.88,8.65,3428,7.19,48864,Low
6.76,28.24,13.63,1730.1,8.61,24915,High
4.06,9.55,9.26,4154.3,8.8,30565,Low
9.69,31.58,14,2746,12.32,28838,High
3.53,8.05,7.81,2142.8,4.44,46756,Low
4.13,24.65,10.84,987.9,3.3,38017,Low
2.95,11.14,5.72,1349.9,1.19,69904,Low
6.21,35.18,11.61,7697.5,11.29,39882,High
2.64,17.71,6.03,967.1,4.8,63533,Low
9.65,30.19,9.28,9119.5,37.18,32128,High
3.49,16.99,5.65,2013.5,2.53,51762,Low
8.42,5.08,13.76,1922.4,15.24,22085,High
11.58,19.85,12.58,2733.9,9.09,21040,High
4.05,16.59,6.24,907.4,2.98,61070,Low
10.28,27.23,13.36,3873.4,17.72,26876,High
4.35,12.46,10.87,269.2,4.23,37245,Low
2.28,13.45,10.17,3253.5,9.96,30907,Low
3.04,15.6,10.75,1181.8,6.65,38619,High
6.89,11.55,12.43,788.7,5.4,22517,High
23.83,24.19,8.26,2572.6,42.9,21054,High
6.03,17.49,10.3,544.4,14.75,25823,High
3.79,6.18,8.1,658.1,6.1,39995,Low
4.64,4.27,13.32,2436.6,8.84,26728,Low
8.55,13.15,16.77,2757.7,6.78,21812,High
6.23,36.61,13.12,2942.1,9.94,32895,High
3.72,11.5,13.3,2382.7,2.75,35862,High
5.14,15.19,11.26,2451.9,4.22,34796,High
2.78,25.12,10.48,8505.7,3.24,34417,Low
5.19,27.73,11.24,1366.9,10.92,32014,High
2.9,15.66,10.98,2067.4,4.14,32834,Low
5.86,13.18,10.18,571.3,9.16,24234,Low
8.32,6.03,13.02,1963.1,13.48,19110,High
4.37,29.24,7.39,2651.1,4.7,58947,Low
3.28,34.89,8.71,1593.2,2.99,46007,Low
9.88,27.44,11.91,9784.3,27.22,29015,High
13.48,23.5,10.83,2592.4,10.55,18370,High
7.7,17.81,9.52,2544,25.43,21120,High
3.88,10.89,10.44,1176.9,5.42,38410,Low
9.36,9.38,11.66,875.4,16.03,28035,High
3.3,6.59,8.8,1482.1,4.84,42658,Low
7.38,25.88,13.01,986.5,16.63,21105,Low
7.34,33.67,11.62,2686,7.75,25026,Low
4.23,5.41,8.2,257.5,3.9,46426,Low
3.66,28.87,12.51,2271.2,3.32,46374,Low
7.28,26.31,10.7,4539,8.17,32645,Low
4.78,15.77,14.97,2992.1,3.03,34054,High
11.02,26.03,16.93,9728.3,30.89,16925,High
4.36,6.22,3.64,842.5,5.17,58028,Low
5.3,35.21,8.27,1022.4,3.47,35545,High
6.03,13.1,13.03,1123.1,14.65,23153,High
7.84,13.82,12.21,2387,15.61,25452,High
3.85,7.98,10.59,3142.9,5.17,33253,Low
6.87,21.59,12.89,5750.2,9.82,24887,High
1.9,28.03,10.94,432.5,2.52,35550,Low
3.05,22.94,11.61,1322,5.66,41129,High
6.32,21.28,14.37,2809,5.9,27555,High
2.57,15.82,11.7,843.4,2.41,44688,Low
6.78,24.2,8.98,1676.4,10.52,38180,Low
9.44,14.94,10.29,1816.1,4.66,18551,High
4.49,24.84,9.45,2766.7,9.5,46988,High
6.91,45.89,12.78,474.8,15.26,25369,High
4.43,17.27,10.83,1009.2,10.54,37644,Low
1.32,28.27,6.28,891.7,0.57,71996,Low
3.11,23.76,8.44,1958.2,5.33,50475,Low
2.33,26.75,7.15,2942.9,1.59,79797,Low
5.79,7.85,14.08,3988.8,8.91,21397,High
7.32,10.69,11.89,311.1,11.92,25532,Low
7.63,21.25,18.69,3167.2,7.24,21552,High
8.65,40.08,12.79,7442.1,10.75,38463,High
4.13,5.37,11.79,2031.9,8.08,25053,High
4.36,10.51,7.83,347.3,1.5,43500,High
7.97,24.78,13.11,4972.5,11.19,26336,High
4.6,27.54,10.98,7483.2,6.25,38789,High
3.52,15.2,8.88,905.6,4.65,40633,Low
3.85,8.7,6,518.8,3.85,67833,Low
7.83,46.26,2.9,509.3,0.89,42477,Low
4.41,2.85,5.92,995,4.96,41372,Low
3.79,9.99,7.85,3599.6,8.1,47643,Low
4.62,6.37,9.7,7221.1,6.93,27698,Low
3.34,23.09,9.01,1505.1,2.96,51984,Low
5.3,22.95,10.57,2617.6,7.87,50471,High
4.83,15.91,12.8,2517.5,6.53,27366,Low
3.96,31.01,13.13,5167.9,4.68,46403,Low
7.05,7.12,14.96,1406.2,10.43,21766,High
3.98,24.4,7.91,666.1,4.63,56468,Low
4.4,19.07,13.38,681,2.69,39037,Low
3.62,17.95,5.42,1760.6,6.68,54935,Low
6.24,19.26,11.95,1311.3,9.41,31544,High
2.43,16.69,8.77,2043.5,5.67,51679,Low
3.1,43.24,7,1277.9,3.39,46875,Low
13.78,10.44,8.78,2007.4,34.33,17394,Low
4.63,30.92,10.16,3745.4,2.66,33524,Low
5.83,18.31,6.59,1160.5,3.15,23415,Low
5.38,4.39,13.73,371.7,14.27,25790,Low
3.63,15.17,16.22,5596.2,3.76,33385,High
10.05,24.18,6.76,1591.5,20.25,14816,High
5.24,20.04,9.08,389.2,6.09,38108,High
4.61,13.78,7.09,347.3,3.45,60830,Low
7.35,25,10.88,562.6,11.83,24244,High
7.58,4.76,13.15,1617.7,11.66,28642,High
5.31,25.49,13.42,5470.8,3.62,36097,High
4.92,17.45,17.29,1622,5.3,30007,High
3.72,18.37,12.61,1246.5,5.28,36006,Low
7.94,26.61,16.49,3210,7.18,21932,High
5.26,22.96,10.14,1065,12.93,25953,Low
5.14,12.9,8.13,1008.2,5.13,53761,Low
5.68,7.07,11.86,996.4,10.58,30005,High
5.41,22.65,15.11,1639.9,13.04,19894,High
5.51,26.03,12.02,938.2,6.44,32295,High
7.22,7.84,11.6,1059.3,8.29,23578,High
6.93,51.61,8.25,1886,13.01,16961,Low
6.39,26.47,13.75,2006.1,6.33,25893,High
4.63,41.29,8.62,1780.8,2.4,36901,Low
10.99,29.01,10.25,5071.6,30.14,27980,High
5.06,10.44,9.53,2855.3,10.45,26826,High
2.69,28.84,5.78,2789.5,3.5,68742,Low
4.72,13.37,9.49,722.9,7.21,47853,High
14.82,0,14.12,1456,17.76,13863,High
4.38,12.41,11.48,2064,3.65,35856,Low
6.73,18.75,13.53,2032,3.73,28539,High
11.03,6.44,10.97,9947,10.45,31769,High
5.98,53.6,3.81,1719.2,2.45,14481,Low
5.03,7.5,4.61,1104.7,3.11,58559,Low
5.41,24.3,7.68,1316.1,2.5,24553,Low
7.4,23.53,9.78,1748.7,12.89,26111,Low
4.21,9.54,6.89,1700.3,9.54,25927,Low
5.01,32.66,7.63,2409,9.4,27027,Low
5.7,15.16,8.19,2735.6,4.27,42679,Low
10.04,19.08,12.08,4562.1,12.3,30876,High
8.27,11.88,13.22,1841.2,14.99,25773,High
4.4,3.18,8.64,528.4,7.38,44167,Low
3.86,17.25,12.51,3386.4,4.55,40926,High
7.34,4.9,9.05,693,8.65,34844,Low
4.64,36.76,11.68,2164.1,3.36,32018,Low
4.85,37.16,8.25,3726.5,10.87,33410,Low
6.59,42.72,10.29,2347.4,5.08,21077,High
3.91,18.42,10.27,2959.4,3.84,41832,High
8.45,28.33,9.66,10147.8,27.25,32684,High
5.01,24.33,15.89,2457,8.56,25291,High
6.91,27.88,12.41,2814.4,8.84,34801,High
5.21,17.9,9.07,1803.3,9.51,39902,Low
5.5,10.82,11.38,489.9,7.74,35460,Low
3.97,11.26,8.07,3962.3,6.17,44970,Low
9.32,4.37,12.9,2859,11.46,24123,Low
8.76,9.71,14.12,1749.7,11.21,22591,High
8.59,20.16,13.27,36199.2,31.16,26361,High
7.33,19.76,13.7,1799.7,8.6,24354,High
5.05,17.83,7.63,6408.4,14.86,38248,Low
4.77,22.07,8.48,327.8,6.74,39690,Low
3.47,35.15,11.6,1122.4,8.12,29978,Low
5.91,18.68,14.5,2020,6.56,27022,Low
3,27.5,10.68,2213.7,7.94,27123,High
9.06,5,14.23,1186.2,21.89,20066,High
4.23,15.5,10.87,430.6,7.95,35737,High
5.27,22.1,13.51,1559.7,12.9,25035,High
7.64,12.09,12.23,1557,7.74,24579,High
2.38,8.5,11.23,1187.3,5.45,48125,Low
3.28,16.93,7.01,1626,4.64,23815,High
5.98,10.86,10.09,380.7,9,32655,Low
4.43,2.24,3.77,2394.1,7.3,42240,Low
7.34,17.14,13.72,1876.5,9.19,23584,High
3.62,9.67,4.98,578.6,1.3,95134,Low
4.32,36.9,11.94,1852,6.45,28975,Low
6.23,5.01,8.79,270.3,7.71,31689,Low
2.84,24.71,11.03,1858,5.45,33502,High
12.38,9.46,13.49,1422.1,15.56,16769,High
5.44,6.06,6.57,873.9,2.8,52707,Low
5.72,32.66,10.69,7508.5,10.13,41364,High
5.61,14.53,11.04,1436.2,19.94,20396,High
3.28,13.78,11.95,4064.5,2.28,40515,Low
11.56,8.9,11.43,2634.1,12.58,17631,High
6.17,23.01,12.85,1951.1,16.43,24906,High
5.53,19.03,9.3,3379.5,11.44,41958,High
9.22,8.88,10.92,2575.8,10.81,23394,Low
7.33,16.71,14.52,3026.2,12.62,24601,High
4.75,5.92,7.36,669.1,15.68,36247,Low
7.32,13.06,11.77,7115.7,11.11,20841,High
2.2,14.16,12.19,793,7.44,35483,High
7,22.46,13.32,1338,8.69,26311,High
3.32,18.03,6.83,919.5,3.01,64403,Low
4.93,20.1,15.02,5541.4,3.64,31171,High
6.73,25.84,10.97,6964.9,20.28,31441,High
2.54,5.86,5.74,880.1,3.28,49394,Low
5.68,42.62,8.25,1397.8,12.71,16848,Low
4.95,16.91,7.96,1124.1,3.94,44248,High
7.85,2.18,6.77,427.4,19.2,35138,Low
2.77,15.72,6.62,779.2,1.83,91951,Low
7.05,0,7.79,1211.2,3.87,33784,Low
5.58,22.84,12.46,1477.2,18.61,22894,High
3.75,31.46,13.28,4902.6,10.23,34827,High
10.81,24.21,12.12,5637.3,23.31,31271,High
3.57,23.39,9.1,801,2.53,40221,High
5.45,42.21,8.11,11613.9,10.5,36019,Low
3.39,35.91,10.93,1141.9,1.42,46915,Low
6.55,20.29,12.51,3488.3,6.8,36605,High
8.12,13.27,10.07,1777.9,22.7,21049,High
6.94,27.97,13.73,1057.6,5.84,38388,High
10.59,27.61,16.93,795.8,13.8,20427,High
9.34,14.58,15.48,2614.8,7.68,21557,Low
13.89,18.58,10.11,2144.6,40.75,16553,High
5,5.16,6.19,944.5,3.28,53492,Low
4.29,7.57,4.51,639.9,3.07,36132,Low
7.12,24.38,14.41,2993.9,11.05,22936,High
8.08,33.87,13,1836.7,9.69,23661,High
5.12,24.82,13.93,5210.5,8.38,35959,High
7.99,7.41,14.11,2376.3,8.71,23062,High
11.14,29.12,17.01,4722.3,18.11,17344,High
8.9,23.04,16.52,12711.2,16.88,15312,High
5.19,26.33,12.23,4053.1,5.55,41965,High
7.86,4.22,10.58,2265.9,9.78,23999,Low
11.45,26.11,14.75,1943.4,10.01,22079,High
6.71,55.73,9.02,1691.1,11.83,18784,Low
8.2,19.34,10.6,14029.2,15.25,34716,High
6.03,25.46,10.67,2486.9,6.63,40505,Low
4.52,37.43,12.39,2220.1,7.63,29184,High
5.82,9.52,12.45,1074.2,31.9,16810,High
6.87,5.91,13.39,2250.7,7.69,28428,Low
6.88,54.64,4.14,1779.3,3.4,18592,Low
5.58,21.58,14.63,1952.4,6.95,29083,High
9.13,14.67,11.83,3421.4,12.7,20423,Low
6.08,21.52,12.74,4500.6,9.55,32012,High
4.13,9.56,9.51,1983.6,5.58,36562,High
4.14,16.67,7.16,687.9,3.02,60054,Low
9.95,29.19,12.88,938.5,8.42,28698,High
3.75,19.89,9.84,2321.6,4.83,31602,Low
11.82,31.4,17.13,11323.1,11.2,20754,High
6.19,10.11,9.29,379.1,4.06,34159,High
2.09,21.53,6.63,581.6,2.96,66602,Low
15.88,17.81,13.04,687.6,13.53,21201,High
4.73,20.74,7.79,1952,2.73,49229,Low
6.83,9.61,8.8,1368.5,17.07,23497,Low
6.58,14.58,11.04,799.8,11.4,22902,Low
14,16.64,16.49,6336.3,12.53,17822,High
9.28,18.53,14.02,2651.9,12.19,20501,High
4.43,29.18,12.87,4937.4,6.55,44707,High
5.91,63.58,8.24,2212.3,7.35,24535,Low
8.52,39.17,9.07,10468.4,33.07,35162,High
3.19,7.08,10.42,546.4,5.19,28826,Low
3.34,5.84,6.76,1920.5,7.32,34544,Low
4.59,16.99,5.14,642.6,2.02,61692,Low
4.34,28.78,10.13,990,4.15,44270,High
5.72,4.73,12.22,957.5,11.11,23810,Low
4.01,10.25,10.69,5385.8,7.3,29622,Low
4.2,9.51,15.1,3005.6,5.14,31231,High
5.06,0,10.69,1120.4,13.94,24353,High
4.86,15.36,9.75,3415,6.13,31540,High
5.99,26.02,13.25,2738.2,6.74,31665,High
4.21,31.44,14.36,1345.1,11.46,27212,High
7.65,31.14,13.63,1645.8,9.05,24986,High
9.13,28.06,14.45,904.6,8.72,28289,High
4.59,35.51,10.34,1809.9,4.17,37900,Low
3.85,22.63,11.77,2281.5,4.14,45787,Low
9.11,26.55,12.54,2253.3,18.79,24686,High
3.86,20.06,10.69,1527.9,3.06,36271,Low
5.57,15.96,13.87,2528.7,6.65,29722,Low
4.33,34.22,12,2451.4,5.48,35374,High
6.64,30.29,14.74,2260.6,8.79,29291,High
4.6,10,15.19,1524.4,19.3,21754,High
3.73,10.19,8.3,525.3,10.27,41325,Low
2.68,18.47,5.74,271.6,4.52,62548,Low
5.8,9.62,15.09,2580.4,4.84,28873,Low
2.52,18.39,4.2,1655.3,1.39,123625,Low
12.78,29.62,8.99,17742.1,46.43,23595,High
6.6,29.85,13.67,859.6,17.27,26498,High
5.73,13.98,6.99,6673.6,7.21,44600,Low
6.84,32.26,11.56,1272.9,13.12,18107,High
6.21,11.39,13.51,540.6,5.26,32733,Low
4.5,20.45,10.77,3220.6,4.42,36935,High
9.92,34.54,14.25,3538.1,14.07,22189,High
7.84,7.59,14.53,2201.1,10.3,25735,Low
3.55,10.16,6.99,2514.4,6.3,48647,Low
4.32,38.5,12.46,3154.8,6.66,27023,Low
3.16,11.94,6.68,2760,3.83,54432,Low
8.8,11.08,10.31,1031.9,18.52,32315,High
4.35,28.65,5.85,3633.1,2.42,31262,Low
2.81,49.08,8.23,5766.6,0.64,53614,Low
4.48,0,13.18,914.1,10.08,23296,High
5.95,27.42,11.22,5295.7,7.62,30469,High
6.12,21.22,12.74,444.3,6.71,39572,High
4.78,9.9,6.53,950.2,3.21,51242,Low
5.77,34.22,15.55,4024.1,7.97,26803,High
7.67,3.51,8.08,1449.3,4.96,37775,Low
8.62,16.74,14.3,950.4,4.33,32033,High
8.72,0.9,8.64,184.9,17.3,25040,Low
3.7,11.44,10.89,1828,5.9,40290,High
6.22,22.36,17.43,1986.2,11.64,22102,High
4.19,17.4,8.6,1754,8.52,33214,Low
3.37,10.96,9.15,4254.9,1.24,53333,Low
6.61,18.55,11.6,605.7,8.47,22746,High
3.51,23.25,10.59,2638.4,3.76,52970,High
9.2,18.28,12.56,1520.5,5.78,24200,High
2.03,10.42,7.1,2118.1,4.81,47026,Low
5.43,11.47,11.67,451.4,5.3,38792,Low
5.66,24.08,10.48,904.7,6.88,31507,Low
8.23,37.55,8.7,2418,8.71,23986,Low
2.43,28.13,8.47,729,8.65,37058,Low
3.39,13.77,5.33,879.3,4.4,59633,Low
2.21,22.17,9.07,2113.7,0.78,42686,Low
5.76,14.02,11.34,3312.8,7.57,37911,High
6.58,35.96,12.44,1558,13.8,23053,Low
2,19.05,7.12,2708.6,5.07,52780,Low
8.14,8.21,11.91,2759.2,7.03,21339,High
3.88,32.72,10.47,2556.7,1.89,50240,Low
7.2,45.61,17.19,2977,7.54,24402,High
3.94,29.6,10.31,4741.8,1.69,51128,High
7.72,23.46,11.06,1622,10.56,22098,Low
13.67,24.71,9.28,902.8,32.9,18404,High
5.41,12.34,6.87,2196.4,5.43,45687,Low
4.88,27.54,14.32,5940,5.17,29353,High
5.59,33.85,10.96,1431.3,8.56,25045,High
7.25,14.25,7.89,621.6,3.42,42614,Low
5.13,10.34,7.69,456.7,2.32,52882,Low
7.38,20.64,14.4,2632.4,12.51,28729,High
4.55,11.08,7.26,1377.3,4.27,48203,Low
4.53,0,8.36,2816.9,6.7,31613,Low
3.54,9.31,7.5,467.9,1.19,53693,High
7.2,7.43,9.63,2364.3,11.01,35808,Low
3.13,14.7,10.72,3157.2,4.34,37302,Low
11.22,12.5,12.48,1170.9,13.62,19413,High
6.31,21.21,12.85,3961.9,12.9,28727,High
2.24,13.93,9.08,1492.3,1.27,64806,Low
9.18,22.22,13.67,1500.7,15.97,17206,High
6.7,68.05,7.7,1384.9,8.08,16749,High
6.12,7.85,5.69,993.9,4.44,52189,High
2.65,39.07,12.76,2341.7,5.78,32994,Low
3.42,16.84,11.3,2015.2,4.09,50268,High
5.63,60.13,6.03,2326.1,9.03,17829,Low
7.5,43.35,6.94,1949.6,13.55,17161,Low
11.23,0,12.09,1783.3,21.83,17811,High
5.98,24.16,12.75,3786.4,6.1,32534,Low
3.27,13.36,7.22,448,2.75,56713,Low
9.28,13.51,12.84,1672.9,24.08,15508,High
6.9,51.99,13.47,1170.8,13.33,21063,High
4.13,29.74,13.7,1177.7,3.97,37315,High
3.76,8.91,11.62,4062.2,9.46,31848,Low
3.58,42.43,7.35,777.1,3.31,62288,Low
4.37,15.19,8.44,2933.9,3.93,56098,Low
2.25,18.74,4.23,2265.3,4.54,75905,Low
7.85,0,8.23,262,6.35,33961,Low
4.72,18.94,7.68,6031.5,4.46,56598,Low
12.69,27.06,10.12,2043.6,32.85,18956,High
4.09,43.61,11.96,1879.8,7.93,33125,Low
4.9,20.32,13.28,4428.7,9.27,33554,High
6.93,55.31,10.68,1593.9,11.4,19568,High
2.92,22.63,9.9,718.9,2.45,42911,Low
4.66,4.99,8.59,285.6,18.92,34450,Low
4.49,7.01,7.13,325.4,5.01,52734,Low
9.93,10.85,10.52,2884.7,33.08,22452,High
4.51,13.94,12.26,352.1,6.33,37594,High
8.17,26.81,12.2,916.8,12.15,27126,Low
7.5,27.63,14.6,13345.2,13.76,34552,High
5.61,14.59,12.8,2240.5,6.17,32849,Low
5.21,28.94,12.28,876.4,11.42,25208,Low
7.18,26.53,11.09,813.8,11.76,23393,Low
5.45,20.48,10.93,4812.3,8.49,35723,Low
5.88,13.33,9.2,1824.8,12.58,22407,Low
4.13,21.36,8.98,4109.8,12.84,37664,Low
9.99,35.12,13.34,3365.4,17.12,24727,High
7.9,45.09,13.77,1682.8,12.51,20321,Low
5.18,9.03,11.23,1195.2,7.82,27182,Low
12.12,8.09,12.48,2142.2,24.37,19899,High
9.27,39.5,17.31,1331,13.93,23287,High
